ذرية	ðurrijjah
وعد	waʕd
رأسمال	raʔsmal
أمس	ʔamassi
الآن	alʔan
عبوثران	ʕabawθaran
مقايسة	muqajasa
أمس	ʔumassu
ركل	rakl
حزم	ħazama
ع	ʕ
بوري	buri
مينا	mina
عند	ʕinda
استعصم	istaʕsˤama
مصنع	masˤnaʕ
مغزل	miɣzal
معارف	maʕarif
عائلة	ʕaʔila
سلح	salħ
تواضع	tawadˤuʕ
شيص	ʃisˤ
كرفس	karafs
أسهل	ʔusahhil
كبيكج	kabikad͡ʒ
شاهد	ʃahada
مراجع	murad͡ʒiʕ
دبار	dibar
عربي	ʕarabijj
بهيم	bahim
ريال	rijal
مكدس	mukaddis
صهريج	sˤihrid͡ʒ
شهوة	ʃahwa
أنف	ʔanfu
فحص	faħasˤa
نظر	naðˤðˤara
إهليلج	ʔihlilad͡ʒ
تمارة	tamara
بلوة	bilwa
كساء	kisaʔ
مناظرة	munaðˤarah
ضال	dˤall
ولكن	walakɪn
شخص	ʃaxxasˤa
سذاب	suðab
ترك	taraka
سونكي	sunkijj
عصير	ʕasˤir
أنزروت	ʔanzarut
باع	baʕa
حمار	ħimar
حكمة	ħakama
أزرع	ʔazraʕa
سحم	saħima
مشوي	maʃwijj
قرد	qird
مكحلة	mukħula
كامبوديا	kambodija
ممسحة	mimsaħa
مرو	marw
مطبخ	matˤbax
محسن	muħassin
نخل	naxala
نازع	naziʕ
معارضة	muʕaradˤa
انعقاد	inʕiqad
توغو	toɣo
أوبرا	ʔubira
جادل	d͡ʒadala
بارد	barid
غسل	ɣasala
أحسن	ʔuħassanu
سوء	suʔ
ماز	maza
انقلب	inqalaba
حافلة	ħafila
أميرة	æmira
مص	masˤsˤa
شاقول	ʃaqul
شج	ʃad͡ʒin
سعى	saʕa
واحد	waħid
أمير	ʔamir
شهلاء	ʃahlaʔ
شبح	ʃabaħ
جنى	d͡ʒana
شمس	ʃamisa
قارورة	qarura
عزا	ʕaza
مكياج	makjad͡ʒ
سنط	santˤ
صعتر	sˤaʕtar
لباس	libas
إقالة	ʔiqalah
شاقولي	ʃaqulijj
أنف	ʔanfi
ناخوذاة	naxuðah
أسهر	ʔashara
نور	nawr
بحاح	buħaħ
صعب	sˤaʕuba
سنبوسج	sambusad͡ʒ
ذ	ðal
دويبة	duwajbbatun
خبط	χabˤtˤ
عض	ʕadˤdˤa
يسار	jasar
شبح	ʃabuħa
بشرية	baʃarijja
كوم	kawm
نسرين	nisrin
زميلة	zamila
معين	muʕajjin
ناجود	nad͡ʒud
نقض	naqdˤi
مشربة	miʃraba
قروش	quruʃ
فصح	fasˤħ
طقم	tˤaqm
رخاخ	rixax
تعطى	taʕatˤtˤa
سوق	suɡ
ثاقبايليث	θaqbajliθ
أعجم	ʔaʕd͡ʒama
لأك	laʔaka
دنر	dannara
مشط	maʃtˤ
تضمن	tadˤammun
تحيز	taħawwaza
ألماني	ʔalmanijj
يتيم	jatim
توكيد	tawkid
مؤسس	muʔassas
كيف	kajfa
صبي	sˤubbi
عمود	ʕamud
أزعر	ʔazʕar
طالم	tˤalam
أردني	ʔurdunnijj
ألا	ʔalla
عتبات	ʕatabat
سامور	samur
عاهل	ʕahil
بيت	bajjata
سلالة	sulala
هم	hum
فرغة	fariɣa
جزاء	d͡ʒazaʔ
ألف	ʔalif
منظمة	munaðˤðˤama
إغليق	ʔiɣliq
كويكب	kuwajkib
صنبور	sˤunbur
أخضر	ʔaxdˤar
الدانوب	addanub
مشعر	maʃʕar
شبح	ʃabaħa
طرق	tˤuruq
محافظ	muħafiðˤ
م	mim
جبن	d͡ʒabuna
قنصلية	qunsˤulijja
أما	ʔamma
برق	barq
نتأ	nataʔa
غرب	ɣaruba
انقضى	inqadˤa
منجاة	mand͡ʒah
نظر	naðˤar
هدى	hudan
شماتة	ʃamata
أعور	ʔaʕwar
إعلام	ʔiʕlam
طريخ	tˤirrix
طهران	tˤahran
قرفص	qarfasˤa
وقف	waqf
مرحبا	marħaba
واو	waw
صغر	sˤaɣɣara
شجرة	ʃad͡ʒara
انفتح	infataħa
ثمن	θumn
فص	fisˤsˤ
فرخ	farraxa
ضأن	dˤaʔn
ملوكيا	mulukijja
موتوسيكل	motosikil
خيرات	xajrat
ذو	ðu
دكتور	dɪktor
سيجارة	siɡara
سقيم	saqim
عادات	ʕadat
شبرم	ʃabram
يورانيم	juranjum
تنفس	tanfas
عربن	ʕarbana
قداد	qudad
شخصيا	ʃaxsˤijjan
مئة	miʔa
غرب	ɣarraba
تزامن	tazamun
بطء	butˤʔ
ويكة	wajka
ويكة	weka
أنطاكية	ʔantˤakijja
التقط	iltaqatˤa
ليزر	lajzir
أدهش	ʔudhiʃ
زوج	zawwad͡ʒa
بدني	badanijj
تواقف	tawaqafa
دودة	duda
صاد	sˤad
حرق	ħurɡ
فاصولياء	fasˤulijaʔ
إله	ʔilah
تقدم	taqaddum
عال	ʕalin
طاغوت	tˤaɣut
إبريسم	ʔibrajsam
حاك	ħaka
نهائي	nihaʔijj
إسبانيا	ʔisbanija
علامة	ʕalama
نموذج	namuðad͡ʒ
مضض	madˤadˤ
عراء	ʕaraʔ
شاء	ʃaʔa
كنف	kanaf
قسوة	qaswa
صفة	sˤifa
عظيم	ʕaðˤim
طقس	tˤaɡs
يتوع	jattuʕ
حرف	ħarf
قصدير	qasˤdir
تمرين	tamrin
وزنة	wazna
فلس	fils
تمساح	tɪmsæħ
أسهل	ʔashulu
حذار	ħaðari
فظع	faðˤuʕa
رقم	raqm
ماما	mama
سميذ	samið
فوشي	fuʃijj
مزرعة	mazraʕa
ثقافة	taqafa
أشقر	ʔaʃɡar
عظم	ʕiðˤam
صهب	sˤahiba
باكستان	bakistan
ليل	lajl
فجأة	fad͡ʒʔatan
أبلس	ʔablasa
منير	munir
زمج	zummad͡ʒ
جو	d͡ʒaww
أشنان	ʔuʃnan
نشور	nuʃur
قد	qadd
زنة	zina
كراج	karad͡ʒ
حصن	ħusˤun
هاته	hatih
سيارة	sajjara
طبقات	tˤabaqat
استلزم	istalzama
واس	was
لجئ	lad͡ʒaʔa
تحليلي	taħlilijj
لهذا	lihæðæ
تنديل	tanadil
مريء	mariʔ
ذهب	ðahab
خسوف	xusuf
وردة	warda
كنز	kaniz
مثل	maθala
عصف	ʕasˤf
ثمانية	θamanija
عواري	ʕawarijj
كركم	kurkum
استمرار	istimrar
قيقب	qajqab
شمبانيا	ʃampanja
مقاس	maqas
لن	lan
برذعة	barðaʕa
وديعة	wadiʕa
تدريجي	tadrid͡ʒijj
جندبادستر	d͡ʒundubadastar
أهدى	ʔahda
فرخ	farx
تعشيقة	taʕiʃiqa
جلنجبين	d͡ʒulland͡ʒubin
جبانات	d͡ʒabanat
شنع	ʃanuʕa
عزب	ʕazaba
حصاة	ħasˤah
تفرغ	tafarraɣa
تهدل	tahaddul
تراوح	tarawuħ
حدد	ħaddada
أعطى	ʔaʕtˤa
سمور	sammur
معلم	muʕlim
هرة	hirratun
أكاف	ʔukaf
اهتدى	ihtada
القنيطرة	alqunajtˤira
انسل	insalla
نرجيل	nard͡ʒil
أحد	ʔaħad
انتقل	intaqala
تال	talin
مقصر	muqasˤsˤir
قسم	qasm
فم	fam
احترق	iħtaraqa
مردي	murdijj
قبض	qabbadˤa
ملأك	malʔak
قال	ɡal
قيطون	qitˤun
قلوي	qalawijj
مقذاف	miqðaf
سويسرا	swisra
شلغم	ʃalɣam
عمم	ʕammama
مفرغ	mufarraɣ
لثة	lɪθɘ
انجراف	ind͡ʒiraf
قنطر	qantˤara
اقتطف	qatˤafa
بطن	batˤtˤana
عظم	ʕaðˤm
برواز	barwaz
برنيق	barniq
منقض	munqidˤ
قلعة	qilʕa
أقرب	ʔaqraba
تنفس	tunaffis
شمع	ʃamʕ
قرحة	qurħa
نساب	nassab
جين	d͡ʒin
ضرط	dˤartˤ
أنكر	ʔankara
شعير	ʃaʕir
دعسوقة	duʕsuqa
سوفياتي	sovjetijj
عتب	ʕataba
توقف	tawaqquf
فرنسا	faransa
تركمانستان	turkumanistan
صدقة	sˤadaqa
طيهوج	tˤajhud͡ʒ
عض	ʕadˤdˤ
مجراف	mid͡ʒraf
لوح	lawħ
نفوذ	nufuð
صارخ	sˤɑrix
أسيتون	ʔasitun
حمضي	ħamdˤijj
أكاذيب	ʔakaðib
بدلات	badalat
عوائد	ʕawaʔid
سينثيا	sinθija
وسخ	wasax
ج	d͡ʒim
جنطيانا	d͡ʒuntˤajana
اجتنى	id͡ʒtana
أنت	ʔanti
هريرة	hurajrah
بن	bin
تلميذ	tilmið
شبوطة	ʃabbutˤa
اجتماعي	id͡ʒtimaʕijj
مغطس	miɣtˤas
رساطون	rusatˤun
افغانستان	afɣanistan
ملقن	mulaqqin
أخذ	ʔaxaða
شرب	ʃariba
ورقة	waraqa
إلى	ʔila
قبط	qubtˤ
غلبة	ɣalubba
يوسف	jusif
بؤرة	buʔra
بتع	bitʕ
مبارز	mubariz
أكل	ʔakl
صيد	sˤajd
نار	nar
رام	rama
أغلب	ʔaɣlibu
أشم	ʔaʃamma
وقع	waqʕ
طنطور	tˤantˤur
شهلة	ʃahla
خمسة	xamsa
عنى	ʕana
كوثر	kawθar
إشفى	ʔiʃfa
شنبر	ʃanbar
فسح	fassaħa
قرطاجي	qartˤad͡ʒijj
هر	hirr
دخل	daxal
خولنجان	xawland͡ʒan
ل	li
أغلب	ʔuɣallabu
إمبريالي	ʔimbirjalijj
قادر	qadir
عظم	ʕaðˤðˤama
أهلا	ʔahlan
جواهري	d͡ʒawahirijj
إذ	ʔið
معنى	maʕna
مكوك	makkuk
حمام	ħimam
دماغي	dimaɣijj
مرحبا	marħaban
نشد	naʃada
مئذنة	miʔðana
قليب	qalib
هذه	haðihi
سوسة	susa
قبع	qabaʕa
أعمدة	ʔaʕmida
أتوبوس	ʔotobus
كرخ	kirx
توج	tawwad͡ʒa
السفن	assufun
أطلسي	ʔatˤlasijj
سرجين	sird͡ʒin
زبرجد	zabard͡ʒad
برج	barid͡ʒa
فوارة	fawwara
قطارة	qatˤtˤara
مطفأة	mitˤfaʔa
فولاذ	fulað
قعد	qaʕada
جام	d͡ʒam
زرنب	zarnab
دلب	dulb
كولومبيا	kolombija
حقيقة	ħaqiqa
زمزم	zamzam
أنور	ʔanwar
خبز	xabaza
استهلك	istahlaka
صوف	sˤawwafa
أصفاد	ʔasˤfad
جخى	d͡ʒaxxa
مارس	marasa
مؤمن	muʔmin
رضا	ridˤan
سهل	sahula
ظاء	ðˤaʔ
ساق	saqa
قرب	qurba
ندى	nada
فرقاطة	frɡatˤa
تشالة	taʃaʃil
مرتفع	murtafaʕ
ممسح	mumassaħ
تلفون	tilifun
هاجم	had͡ʒama
أحرج	ʔaħrad͡ʒa
يوحنا	juħanna
مغناطيسي	maɣnatˤisijj
هزيز	haziz
تنفس	tunaffisa
غادر	ɣadara
قماش	ɡumaʃ
حرق	ħaraqa
أدان	ʔadana
دارفلفل	darfilfil
بحر	baħr
مدام	mudam
عطاس	ʕutˤas
حق	ħaqqa
زمزم	zamzama
استرجع	istard͡ʒaʕa
لغويات	luɣawijjat
سنت	sant
قدم	qadima
فلنجة	filind͡ʒa
عود	ʕud
مغناطيس	miɣnatˤis
ضائنة	dˤaʔina
سموم	sumum
هما	huma
خبز	xabz
شهدانج	ʃahdanad͡ʒ
خير	xajr
جمعة	d͡ʒumʕa
تأوه	taʔawwaha
فهم	fahm
مركب	markab
طين	tˤin
بطء	butˤuʔ
أصفر	ʔasˤfar
قازاقستان	qazaqistan
كامل	kamil
محافظ	muħafaðˤ
أبرز	ʔabruza
مخرفة	maxrafa
جملة	d͡ʒumla
محاور	muħawir
قصيبة	qusˤajba
انفرط	infaratˤa
سفاح	sifaħ
برجل	bard͡ʒal
عاين	ʕajana
بطارقة	batˤariqa
عجرم	ʕud͡ʒrum
مسطرات	mistˤarat
ظهر	ðˤahhara
أولى	ʔula
آل	ʔal
أودى	ʔawda
طائرة	tˤaʔira
لله	lillahi
فطيسة	fitˤtˤisa
دلاع	dullaʕ
مشارة	maʃara
آية	ʔaja
لصق	lasˤiqa
حصاد	ħasˤsˤad
تسعمائة	tisʕumiʔa
برمائي	barmaʔijj
شمسي	ʃamsijj
أرضي	ʔardˤijj
مقارنة	muqarana
أشل	ʔaʃall
شقوة	ʃaqwa
باح	baħa
مزج	mazad͡ʒa
عن	ʕan
خباز	xubbaz
بيض	bajjadˤa
لجوء	lud͡ʒuʔ
حانوت	ħawanit
كثيرا	kaθiran
رقيق	raqiq
ضباب	dˤabbab
جلد	d͡ʒild
ذنب	ðanab
زرع	zarʕ
تنفس	tanfasa
فوتنج	futanad͡ʒ
باب	bab
قطع	qitˤaʕ
جفن	d͡ʒafn
متزاوج	mutazawid͡ʒ
هاته	hatihi
تخم	tuxm
الأندلس	alʔandalus
حكاية	ħikaja
نيجيريا	niɡirija
عزى	ʕaza
جوافة	d͡ʒawafa
إبريز	ʔibriz
تسلط	tasallatˤa
عسقلان	ʕasqalan
أفلاطوني	ʔaflatˤunijj
قلب	qallaba
زربية	zirbijja
لبى	labba
نضو	nidˤw
سلسلة	silsila
دشمة	duʃma
غيبة	ɣajba
ضواحي	dˤawaħi
تايلند	tajland
أولى	ʔawla
زنباعة	zanbaʕa
بلاستيكي	blastikijj
محول	muħawwil
إقليميا	ʔiqlimija
سبب	sabbaba
شخر	ʃaxara
حبل	ħabl
مفروغ	mafruɣ
موسكو	musku
إشبين	ʔiʃbin
سيجارة	sid͡ʒara
شلة	ʃalla
نيتروجين	nitrod͡ʒin
زخة	zaxxa
خشاب	xaʃʃab
جمال	d͡ʒimal
ديسمبر	disambir
خطف	xatˤafa
تفقد	tafaqqada
أضاع	ʔadˤaʕa
اتصل	ittasˤala
استفز	istafazza
استشرق	istaʃraqa
قلب	qulb
مخدر	muxaddir
عنصر	ʕunsˤur
حادثة	ħadiθa
ذاق	ðaqa
تسامح	tasamaħa
دلاعة	dallaʕa
نجار	nad͡ʒd͡ʒar
إطرية	ʔitˤrija
قتلة	qitlah
هم	himm
قاتل	ɡatal
إلياس	ʔiljas
أعف	ʔaʕaffa
شم	ʃamma
إشبيلية	ʔiʃbilja
أكل	ʔukl
رواقي	riwaqijj
أغلب	ʔaɣlib
رائب	raʔib
طبيبة	tˤabiba
غرد	ɣarad
صمم	sˤammama
يونيو	junijo
أندر	ʔandara
صحيح	sˤaħiħ
أعمى	ʔaʕma
أوحد	ʔawħad
آدب	ʔadib
خبر	xabura
جهاد	d͡ʒahad
ة	r
وبخ	wabbaxa
عوج	ʕiwad͡ʒ
زرافة	zarafa
أمس	ʔumassi
دفلى	difla
مستقيم	mustaqim
بندق	bunduq
حصن	ħisˤn
أغرق	ʔaɣraqa
وفق	waffaqa
مستدير	mustadir
كمثرى	kummaθra
كثيرا	kaθira
كراني	karranijj
لاحق	laħiq
تفريغ	tafriɣ
فراولة	farawla
قفة	quffa
قاعة	qaʕa
بيدر	bajdar
كوالا	kuwala
لمع	lammaʕa
قذيفة	qaðifa
غمامة	ɣimama
قانون	qanun
تحدى	taħadda
آذريون	ʔaðarjun
باقلى	baqilla
صدرية	sˤidrijja
خلع	xalaʕa
صرصار	sˤirsˤar
مخيم	muxajjam
أغار	ʔaɣara
حرقوص	ħarqusˤ
ترميم	tarmim
شراب	ʃarrab
دهشة	dahʃa
بن	binna
إسرائيلي	ʔisraʔilijj
رطب	ratˤib
صفر	sˤafar
أموي	ʔumawijj
قسنطينة	qusantˤina
أمي	ʔummijj
فصولياء	fasˤulijaʔ
ثوري	θuri
ركل	rakala
شمراخ	ʃimrax
حج	ħad͡ʒd͡ʒa
عرف	ʕarafa
توضح	tawadˤdˤaħa
عاد	ʕada
جنب	d͡ʒannaba
هنا	huna
ديسمبر	disimbar
ذهن	ðihn
تشيكوسلوفاكيا	tʃekoslovakija
انحاز	inħaza
يسار	jusara
معماري	miʕmarijj
ثريد	θarid
مدني	madanijj
خلر	xullar
ريح	rajjiħ
حدوة	ħidwa
لج	lud͡ʒd͡ʒ
سياع	sajaʕ
خصوص	xusˤusˤ
ابتذل	ibtaðala
مدفأ	midfaʔ
داخ	daxa
آمين	ʔamina
فقري	fiqrijj
هاء	haʔa
لام	lama
عمى	ʕamma
بخت	baxt
إبريل	ʔibril
اتجه	ittad͡ʒaha
اختطف	ixtatˤafa
شيعة	ʃiʕa
تراجم	tarad͡ʒim
ثقل	θiqlun
مشط	miʃtˤ
لوز	luz
ابنة	ibna
أبهج	ʔabhad͡ʒa
شعر	ʃiʕr
مفلفل	mufalfal
مقصر	muqasˤsˤar
بليحا	baliħa
إسبغول	ʔisbaɣol
غراب	ɣurab
قسطران	qastˤaran
خيالي	xajalijj
تصفح	tasˤaffaħa
الصربية	asˤsˤirbijja
محنة	miħna
حقوقي	ħuquqijj
تفاح	tuffaħ
شرعي	ʃarʕijj
برق	baraqa
هجاء	had͡ʒd͡ʒaʔ
شدة	ʃidda
اثنان	iθnan
ضرب	dˤuriba
نعال	niʕal
ذميم	ðamim
منطقة	məntˤəɡə
صفيحة	sˤafiħa
كزبرة	kəzbərə
مدرسة	mudarrasa
أحجم	ʔaħd͡ʒama
رماد	ramad
صحى	sˤaħħa
حرف	ħarrafa
مختصر	muxtasˤir
زخات	zaxxat
ديناميكا	dinamika
تداع	tadaʕin
استقبال	stiqbal
قدم	qadam
فرفحين	farfaħin
مكتبة	maktaba
رفاهة	rafaha
طاقية	tˤaqijja
منقار	minqar
تجوف	tad͡ʒawwafa
إعراب	ʔiʕrab
مقابلة	muqabalah
موسكو	mosku
أبله	ʔablah
قهوة	ɡahwa
هندس	handasa
إثيوبيا	ʔiθjubija
يا	ja
ذكر	ðakkara
كلح	kalaħa
خرطال	xartˤal
قبول	qabul
ضرط	dˤaritˤa
لأن	liʔan
بيرق	bajraq
إكليل	ʔiklil
إرهاب	ʔirhab
بيض	bidˤ
بن	bunn
خز	xazz
خنشار	xinʃar
بدر	badr
زيت	zajt
استجمام	istid͡ʒmam
ملك	malak
استفرغ	istafraɣa
ذهب	ðahhaba
ضيون	dˤajwan
بربري	barbarijj
سينما	sinama
سوريا	surija
هبة	hiba
شاشية	ʃaʃijja
تاريخية	tarixijja
أعز	ʔaʕazz
امتحان	imtiħan
ماذا	maða
نجاح	nad͡ʒaħ
لأن	liʔanna
أجاب	ʔad͡ʒaba
هاد	hada
عتبة	ʕataba
النيجر	annid͡ʒar
قابلة	ʔable
برشام	burʃam
ضربة	dˤarba
عمان	ʕamman
إشعاعي	ʔiʃʕaʕijj
طقس	tˤaʔəs
تمسيد	tamsid
يونيو	juniju
واحات	waħat
بطارخ	butˤarix
غربالي	ɣirbalijj
كبة	kibba
ضرب	dˤarab
عجلة	ʕad͡ʒala
كون	kawn
متى	mata
قاتل	qatil
كسيح	kasiħ
بلوة	bilan
سدارة	sadara
منجى	mand͡ʒan
استئمارة	istiʔmara
مبتلى	mubtalan
ضرب	dˤariba
مبشرة	mibʃara
فبراير	fibrajir
قنص	qansˤ
أمريكي	ʔamrikijj
لاحم	laħim
خزف	xazaf
إذاعة	ʔiðaʕa
لهي	lahija
ورق	waraq
ثمان	θamanin
عيان	ʕajjan
طعن	tˤiʕna
اجتماع	id͡ʒtimaʕ
محافظة	muħafaðˤa
جريدة	d͡ʒarida
قائمة	qaʔima
شاورما	ʃawarma
وقع	waqaʕa
الفاتيكان	alfatikan
رهج	rahad͡ʒ
جوز	d͡ʒoz
وثق	waθiqa
عظ	ʕiðˤ
رحمن	raħimna
جص	d͡ʒisˤsˤ
سبسب	sabsaba
نيويورك	nijujork
بنت	binta
جائع	d͡ʒaʔiʕ
مطاف	matˤaf
هال	hala
زغاية	zaɣaja
حصاد	ħisˤad
قاعة	ʔaʕa
امرأ	imraʔa
جلباب	d͡ʒilbab
كنباث	kimbaθ
شكري	ʃukrijj
مدفع	midfaʕ
ثمن	θaman
إبريق	ʔibriq
تفسيري	tafsirijj
إفريقيا	ʔifriqja
مزق	mazzaqa
شبح	ʃabħ
أم	ʔumm
مجن	mid͡ʒann
فهرس	fəhrəs
ردة	ridda
وجدة	wad͡ʒda
فرث	farθ
تعريف	taʕrif
ضمير	dˤamir
متسامح	mutasamiħ
لوط	lutˤ
تلاش	talaʃin
شيراز	ʃiraz
فسر	fassara
علم	ʕallama
إهليلجي	ʔihlilad͡ʒijj
مخبأ	maxbaʔ
قرنبيط	qarnabitˤ
وليمة	walima
بثن	baθan
ثقل	θaqqala
إسطبل	ʔistˤabl
ضفدع	dˤufdaʕ
صراع	sˤiraʕ
دياقود	dijaqud
مجمد	mud͡ʒammad
بدوي	badawijj
حفيدة	ħafida
صندوق	sˤunduq
وشيك	waʃik
اعتداء	iʕtidaʔ
تلميح	talmiħ
انتظام	intiðˤam
حريم	ħarim
نقدا	naqdan
إسفنط	ʔisfantˤ
سويسري	suwisrijj
أدبي	ʔaddibi
قماش	qumaʃ
قرصان	qursˤan
قنطرة	qantˤara
إبل	ʔibil
لكز	lakz
فقير	faqir
ثرى	θaran
مقلياثا	maqlijaθa
غيور	ɣajur
دابرة	dabira
غسالة	ɣassala
حنطة	ħintˤa
نوح	nuħ
شكال	ʃikal
دبج	dabbad͡ʒa
مماس	mumass
مشيمة	maʃima
فهرس	fihris
عاد	ʕad
لصق	lasˤsˤaqa
آمن	ʔamanu
تذاكى	taðaka
ورشان	waraʃan
طرفاء	tˤurafaʔ
شاكرة	ʃakira
أشرفي	ʔaʃrafijj
قديم	ɡadim
دين	dajjin
بيطرة	bajtˤara
مري	muri
مشرق	maʃriq
زأر	zaʔara
فليفلة	fulajfila
أنفاق	ʔunfaq
كره	karraha
تحرش	tuħarriʃ
حملة	ħamla
رائع	raʔiʕ
أحور	ʔaħwar
قطار	qitˤar
زحف	zaħafa
مروض	murawwadˤ
زملاء	zumalaʔ
إيقاع	ʔiqaʕ
برغوث	burɣuθ
جزيرة	d͡ʒazira
ابن	ibni
لاسلكي	lasilkijj
خف	xaffa
انتبه	intabaha
أزعج	ʔazʕad͡ʒa
جوي	d͡ʒawwijj
أيل	ʔajjal
ضياع	dˤajaʕ
قبر	ɡabar
درس	darasa
بوصلة	busˤla
شيم	ʃajjama
فنجنكشت	fand͡ʒankuʃt
قال	qal
زبل	zabbala
قيلولة	qajlula
خرفة	xurfa
خرج	xarad͡ʒa
تزويد	tazwid
مستوقد	mustawqad
جهة	d͡ʒiha
أطاح	ʔatˤaħa
صوفي	sˤufijj
مفاجأة	mufad͡ʒaʔa
جاب	d͡ʒaba
قارن	qarana
مسرح	masraħ
حفيد	ħafid
ناحية	naħija
كنزة	kanza
عاب	ʕaba
نيلج	najlad͡ʒ
جفن	d͡ʒifin
ركع	rakaʕa
حجرة	ħud͡ʒra
تفوق	tafawwaqa
حلتيت	ħaltit
كم	kum
براءة	baraʔa
داخل	daxala
ترياق	tirjaq
اذلولى	iðlawla
أصفر	ʔasˤfara
أنطاكية	ʔantˤakija
موزمبيق	mozambiq
كمأ	kamaʔ
كرسي	kursijj
خدش	xaddaʃa
همزة	hamza
تواطؤ	tawatˤuʔ
شريعة	ʃariʕa
توبة	tobɐ
حذفي	ħaðafijj
رغائف	raɣajif
خرنباش	xuranbaʃ
مسود	mɪswɐd̚
ثآليل	θaʔalil
متوسط	mutawassitˤ
ديبوذ	dajabuð
أطرش	ʔatˤraʃ
مكون	mukawwin
قاقلة	qaqilla
أندر	ʔandar
جدد	d͡ʒaddada
قريدسة	qurajdisa
قيمة	ɡima
هن	hin
تقدد	taqaddada
دلو	dalw
سميد	samid
جريب	d͡ʒurajb
دمع	damʕ
آ	ʔa
شقة	ʃuqqa
لبلاب	lablab
قطعة	qatˤaʕa
برغي	burɣijj
ثيوقراطي	θijuqratˤijj
عوينات	ʕuwajnat
مبتل	mubtalin
ققنوس	quqnus
نظارة	naðˤðˤara
تقويم	taqwim
هيا	hajja
سرقين	sirqin
وقية	wiqijja
مقصود	maqsˤud
لوح	loħ
حديث	ħadiθ
بورندي	burundi
حظيرة	ħaðˤira
بهمن	bahman
وقية	wuqijja
مرقاق	mirqaq
كليل	kalil
رومانسي	rumansijj
سنونوة	sununuwa
رمادي	ramadijj
صرب	sˤaraba
دون	dawwana
ظفر	ðˤafira
محاصر	muħasˤir
قشر	ɡiʃir
بطم	butˤm
قرقس	qirqis
انتقاض	intiqadˤ
مساومة	musawama
تاء	taʔ
سبح	sabaħa
مختصر	muxtasˤar
شرب	ʃurb
لقاح	laqaħ
تباكى	tabaka
اتجاهات	ittid͡ʒahat
كاكنج	kakind͡ʒ
بريطاني	baritˤanijj
ناسك	nasik
رب	rabba
سعي	suʕija
دم	dum
أغلب	ʔaɣlabu
ل	l
أقضى	ʔaqdˤa
زهرة	zuhra
تبشير	tabʃir
ملك	mallaka
شيرج	ʃirid͡ʒ
بعيثران	baʕajθaran
حرق	ħaraɡ
مشكور	maʃkur
رحب	raħab
اليونان	aljunan
قرنفل	qaranful
فسيفساء	fusajfisaʔ
جارة	d͡ʒara
أخدود	ʔuxdud
قابلة	ʔabla
صحا	sˤaħa
وقت	waʔt
براين	brajan
شمس	ʃammasa
جبل	d͡ʒabala
استبد	istabadda
اجتاز	id͡ʒtaza
قمل	qaml
قشع	qaʃaʕa
أن	ʔan
أشهد	ʔaʃhada
تراب	turab
بنت	banat
كره	karih
إنجلترا	ʔinɡiltera
خاء	xaʔ
معين	muʕajjan
شاهدانق	ʃahdanaq
تفاوض	tafawudˤ
روبيان	rubijan
غ	ʁ
لبوس	labus
سبتمبر	sibtimbir
عربز	ʕarbaz
شتاء	ʃitaʔ
صبر	sˤabir
أغلب	ʔaɣliba
أثل	ʔaθl
يعقوب	jaʕqub
أسهل	ʔusahhala
إنقاض	ʔinqadˤ
ريفي	rifijj
دهليز	dihliz
ميعاد	miʕad
نظيف	naðˤif
تفسير	tafsir
شاكوش	ʃakuʃ
سفرجلة	safard͡ʒala
أيام	ʔajjam
للأسف	lilʔasaf
نساء	nisaʔ
الأوكيناوا	alʔukinawa
لازوردي	lazuwardijj
متفجرات	mutafad͡ʒd͡ʒirat
قشد	qaʃada
مهندس	muhandis
حمزة	ħamzah
عنصل	ʕunsˤal
إفرند	ʔifrind
دبقي	dibqijj
امرؤ	umruʔ
ظفر	ðˤufr
مطحنة	matˤħana
وعد	waʕada
شاورما	ʃɐwərmə
كشمش	kiʃmiʃ
بخير	bixajr
جزيرة	ɡazira
ولد	wallada
هزة	hazza
صقنقور	sˤaqanqur
وريد	warid
شاور	ʃawara
خلقي	xilqijj
أعمى	ʔuʕamma
نعامة	naʕama
أوج	ʔawd͡ʒ
طاجن	tˤad͡ʒin
اتضح	ittadˤaħa
تدريب	tadrib
ثقافة	θaqafa
مغطس	maɣtˤis
هودج	hawdad͡ʒ
قبض	qabadˤa
احتراق	iħtiraq
رائعة	raʔiʕa
أوجد	ʔud͡ʒada
ناردين	naradin
موقف	mawqif
عجاب	ʕud͡ʒab
فور	fawr
إناء	ʔinaʔ
أسفر	ʔasfara
مبارك	mubarak
أب	ʔab
عجب	ʕud͡ʒb
متطرف	mutatˤarrif
بيرو	beru
رب	rubb
شاط	ʃatˤa
برقوق	burquq
شكرا	ʃukran
خلق	xalq
أنعل	ʔanʕul
مفتش	mufattiʃ
دثر	daθr
كمان	kaman
كرة	karra
بغي	baɣijj
فنار	fanar
نفخ	nafx
السعودية	assuʕudijja
ترفع	taraffaʕa
ضحك	dˤaħika
حياة	ħajah
قلاووز	qalawuz
طيهوج	tˤihud͡ʒ
لاتفيا	latvija
رباط	ribatˤ
زرقون	zarqun
توعوي	tawʕawijj
كذاب	kaddab
سلم	sullam
ر	raʔ
فالجي	falad͡ʒijj
زائف	zaʔif
توقيف	tawqif
برتقالي	burtuqalijj
ألهى	ʔalha
منهج	manhad͡ʒ
قتل	qattala
جهد	d͡ʒahada
نظير	naðˤir
مست	masat
اقتعد	iqtaʕada
كستج	kustad͡ʒ
سنبك	sumbak
هش	haʃʃ
أم	ʔamma
دلاع	dallaʕ
مزاد	mazad
قداحة	qaddaħa
محادث	muħadiθ
لحق	laħq
مذكر	muðakkar
ترعة	turʕa
فاصولياء	fasˤulijaʔ
سيل	sajl
دعش	daʕʕaʃa
هندسي	handasijj
وزغة	wazaɣa
أيون	ʔajon
بابونج	babunad͡ʒ
هال	hal
النمسا	annamsa
حديقة	ħadiɡa
شيم	ʃim
غرق	ɣarraq
ما	ma
قناع	qinaʕ
فانيد	fanid
ضرب	dˤarb
كندوج	kandud͡ʒ
مقبل	muqbil
بلادونا	biladuna
ألم	ʔalam
طاعة	tˤaʕa
زوجة	zawd͡ʒa
قشطة	qiʃtˤa
ه	h
ثلاثون	θalaθuna
طباق	tˤibaq
نزعة	nazʕa
ضيق	dˤiq
تعصر	taʕasˤsˤara
مجري	mad͡ʒarijj
ضيعة	dˤajʕa
أبريل	ʔabril
فوار	fawwar
أحسن	ʔaħsuna
حرش	ħaraʃa
أرز	ʔaruzz
مقدونس	maqdunis
توبة	tawba
قسم	qisam
شعبة	ʃuʕba
حان	ħana
سويسري	swisrijj
جراد	d͡ʒarad
بلس	bulus
منسأة	minsaʔa
غزاوة	ɣazawa
شيح	ʃiħ
رفقة	rufqa
علقة	ʕalaqa
فرغ	fariɣ
أنغولا	ʔanɣola
قاموس	qamus
العاصي	alʕasˤi
زهرة	zahra
مخرج	muxrid͡ʒ
إصطبل	ʔisˤtˤabl
قداد	qiddad
ضمني	dˤimnijj
قطلب	qatˤlab
من	man
خابية	xabija
ذراع	ðiraʕ
فيج	fujud͡ʒ
الثلاثاء	aθθulaθaʔ
سعي	saʕj
تصعيد	tasˤʕid
كم	kam
ثيتل	θajtal
كهف	kəhf
دب	dabba
حجن	ħad͡ʒana
حوب	ħub
كاسيت	kasit
إلى	ʔilan
قرطاس	qurtˤas
قشف	qaʃifa
ابتسام	ibtisam
حفار	ħaffar
جبل	d͡ʒabl
اختط	ixtatˤtˤa
مخاض	maxadˤ
جم	d͡ʒamm
سوراني	suranijj
حب	ħabb
سبعون	sabʕuna
أذن	ʔaðana
كدس	kads
قفازات	quffazat
مناعة	manaʕa
هامش	hamiʃ
حرف	ħarafa
مقدر	muqaddar
مقولة	maqula
مقود	miqwad
ضاد	dˤad
تمرين	tamurrina
داخل	daxil
نير	najjir
زق	zuqq
أسطوانة	ʔustˤuwana
جنطيانا	d͡ʒantˤijana
إرادي	ʔiradijj
تنوير	tanwir
بوصلة	bawsˤala
تغذية	taɣðija
جمل	d͡ʒamal
مومسة	mumisa
مجادلة	mud͡ʒadalah
محسة	miħassa
حاء	ħaʔ
مستنقعات	mustanqaʕat
الإسلام	alʔislam
تسلم	tasallama
عباء	ʕabaʔ
تسلم	tasallum
رب	rabb
أسباب	ʔasbab
ضمن	dˤimna
أغلب	ʔuɣlaba
اعتقل	iʕtaqala
هيدروجين	hidroʒen
سيئ	sajjiʔ
بركة	baraka
لثغة	luθɣatun
نخل	naxxala
السودان	assudan
عري	ʕarija
قدوم	qadum
عنكبوت	ʕanakib
لكن	lakinna
عقاري	ʕaqarijj
ضرب	dˤaraba
متراس	mitras
طيرة	tˤajra
أبنوس	ʔabanus
قلادة	qilada
ق	ʔ
من	min
فلان	fulan
سوفياتي	sufjatijj
شليل	ʃalil
حميم	ħamim
أعصر	ʔaʕsˤara
نقض	nuqdˤa
أنزل	ʔanzala
لكم	lakama
شونة	ʃuna
كأن	kaʔanna
فظع	faðˤiʕa
لقمة	luqma
تضامني	tadˤamunijj
ضمن	dˤammana
لون	lawn
أوروبي	ʔurubbijj
حلقة	ħalqa
ملاك	mullak
انتظم	intaðˤama
أوحال	ʔawħal
قلاية	qillaja
سكن	sakan
مجسم	mud͡ʒassam
مقام	maɡam
استفتى	istafta
غزال	ɣazal
تذبذب	taðabðaba
كمح	kamaħa
صدق	sˤadaqa
بلور	billur
قام	ɡam
انقرض	inqaradˤa
أصهب	ʔasˤhaba
ثقة	θiqa
جامايكا	d͡ʒamajka
بيلاروسيا	belarusja
تبحر	tabaħħara
اعتزل	iʕtazala
دائمي	daʔimijj
نوم	nawwama
مخالف	muxalif
حجاب	ħd͡ʒɑb
رحب	raħiba
كامبودي	kambudijj
طرفاء	tˤarfaʔ
الأشهل	alʔaʃhal
لبأ	libaʔ
قرية	qarijja
مديرة	mudira
محمدة	muħammada
قلائد	qalaʔid
تحمس	taħammus
خرج	xard͡ʒ
فاء	faʔ
مستاجر	mustaʔd͡ʒir
الله	aɫɫahu
كسحاء	kasħaʔ
دمية	dumja
آمن	ʔaman
غلقة	ɣilqa
تهدد	tahaddada
مثل	miθla
مرشة	miraʃa
شلال	ʃallal
خردل	xardal
هايتي	haiti
حانوت	ħanut
مخطوطة	maxtˤutˤa
ضيق	dˤajjiq
تماسك	tamasuk
أقرع	ʔaqraʕ
سمن	siman
انجذاب	ind͡ʒiðab
زرقطونا	zarqatˤuna
قيطون	qatˤun
هش	haʃʃa
ظربان	ðˤariban
أوضح	ʔawdˤaħa
انخفاض	inxifadˤ
عجب	ʕad͡ʒiba
برباريس	barbaris
أثث	ʔaθθaθa
ردع	radaʕa
قفص	qufsˤ
قاف	qaf
قدم	qaddama
قابلة	ɡabla
حرش	ħariʃ
عباية	ʕabaja
ليرة	lajra
أولئك	ʔulaʔika
فراغ	faraɣ
صواع	sˤuwaʕ
مقاود	maqawid
سعة	saʕa
عرف	ʕurf
ميدان	majdan
منار	manar
بستان	bustan
طخش	tˤaxʃ
استحم	istaħamma
ياء	jaʔ
قاء	qaʔa
جوافة	d͡ʒuwafa
ألوهية	ʔuluhijja
سركنجبين	sirkand͡ʒabin
أعتاب	ʔaʕtab
فؤاد	fuʔad
إدحية	ʔidħija
مروض	murawwidˤ
تهذيب	tahðib
تسلل	tasallala
جميل	d͡ʒamil
محاكمة	muħakama
أمسك	ʔamsaka
ركلة	rakla
وبال	wabal
بنت	bintu
جذمور	d͡ʒuðmur
ناغش	naɣiʃa
نموذجي	namuðad͡ʒijj
تين	tin
دمنة	dimna
فاصوليا	fasˤulija
زحافة	zaħħafa
حكمة	ħikma
رف	raff
أدبي	ʔadabijj
اليابان	aljaban
وأى	waʔa
فحم	faħm
رصفان	rusˤfan
فن	fann
قلقطار	qalqatˤar
بربخ	barbax
سمن	simna
شريطة	ʃaritˤa
قطع	qatˤaʕa
صغير	sˤaɣir
أمس	ʔamassa
زخ	zaxxa
أوقية	ʔuqijja
قرميدة	qirmida
حادث	ħadiθ
عمة	ʕamma
اتحاد	ittiħad
بوصلة	busˤula
علي	ʕali
عماد	ʕimad
قهوة	ʔahwɛ
ورس	wurus
تحرش	tuħraʃ
أشوس	ʔaʃwas
ممسح	mumassiħ
أبها	ʔabha
ذنب	ðannaba
صحة	sˤiħħa
مفروشات	mafruʃat
خمسون	xamsuna
كروياء	karawjaʔ
لعل	laʕl
شمع	ʃamaʕ
ض	dˤad
جمع	d͡ʒamaʕa
غسق	ɣasaq
درس	dars
بغرير	baɣrir
أسهل	ʔashula
حلال	ħalal
ذرة	ðura
تناقض	tanaqadˤa
فكرة	fikra
ترنج	trind͡ʒ
سميت	samit
هو	wahuwa
دراسي	dirasijj
مردقوش	mardaquʃ
رعد	raʕd
أنت	ʔant
تكدس	tukaddisu
مستقبل	mustaqbal
عيادة	ʕijada
ب	baʔ
مدع	muddaʕin
غانا	ɣana
بندر	bandar
باكستاني	bakistanijj
أوراق	ʔawraq
مسلخ	maslax
مسار	masar
شهر	ʃahara
مداد	midad
قصار	ɡusˤar
باقلاء	baqillaʔ
قبعة	qubbaʕa
لصاق	lisˤaq
فيروز	fajruz
فوري	fawrijj
شبقي	ʃabaqijj
الخمس	alxums
ثمانون	θamanuna
موز	mawz
مساحة	misaħa
شدد	ʃaddada
أعرج	ʔaʕrad͡ʒ
أذن	ʔaðina
غير	ɣujur
مثقال	miθqal
لقاح	liqaħ
البرازيل	albarazil
شراب	ʃurrab
أصفهان	ʔasˤfahan
محدلة	miħdala
صدغ	sˤadɣ
أنيسون	ʔanisun
جلي	d͡ʒalijj
قشلة	qaʃla
لزج	lazid͡ʒa
قراد	qurad
لبنان	lubnan
رستاق	rustaq
أفعى	ʔafʕan
زامبيا	zambija
غ	ɣajn
عدو	ʕaduww
صداقة	sˤadaqa
ماميثا	mamiθa
إمضاء	ʔimdˤaʔ
عقل	ʕaql
تنازع	tanazaʕa
عتيرة	ʕatira
فوفل	fawfal
غضب	ɣadˤab
مدينة	madina
وجود	wuʒud
أعجوبة	ʔuʕd͡ʒuba
إسكاف	ʔiskaf
تحذير	taħðir
صدر	sˤadr
عدمية	ʕadamijja
مجرد	mud͡ʒarrad
شلاق	ʃallaq
فيتنام	vijetnam
ضائن	dˤaʔin
عقدة	ʕuqda
صنان	sˤunan
هنغاري	hanɣarijj
ركض	rakdˤ
سلحفاة	sulaħfah
لهجة	lahɡa
ماسورة	masura
نسوان	nuswan
مقدمة	muqaddima
لحظ	laħðˤ
وقت	waɡt
ف	f
شخص	ʃaxasˤa
كوز	kuz
سدل	sadala
إنفحة	ʔinfaħa
راوند	rawand
لزج	lazid͡ʒ
ققنس	quqnus
أعجمي	ʔaʕd͡ʒimi
ه	haʔ
ل	ɫ
هزل	hazl
مخفر	maxfar
دوليا	duwalijjan
صغر	sˤaɣara
هم	hamm
القطيف	ɪlqətif
رحب	ruħb
ناسفة	nasifa
مارس	maris
توفيق	tawfiq
علا	ʕala
بنجنكشت	band͡ʒankuʃt
امرأ	imraʔ
أمازيغ	ʔamaziɣ
قيتار	qitar
نارجيل	narad͡ʒil
كراث	kurraθ
اعتقادية	iʕtiqadijja
صلعمي	sˤalʕamijj
قضائي	qadˤaʔi
شمام	ʃammam
بكارة	bakara
جورب	d͡ʒawrab
لم	lum
ترجم	tardʒama
ز	zaj
ناخوذة	nawaxiða
جنوب	d͡ʒanub
ملاط	milatˤ
موسى	musan
أوجد	ʔud͡ʒad
سيد	sajjid
كتب	kitab
وثق	waθθaqa
باليه	baleh
والله	wa‿ɫɫahi
صفر	sˤifr
بغل	baɣl
حق	ħuqq
جبان	d͡ʒabban
بيعة	bajʕa
رجل	rad͡ʒd͡ʒala
اشتد	iʃtadda
سوريا	surijja
مرزبة	mirzabba
القطيف	alqatif
صيف	sˤajf
مرتعب	murtaʕib
خوذة	xuða
تزامن	tazamana
غمامة	ɣamama
متزوج	mutazawwid͡ʒ
بوصلة	busˤila
دوش	duʃ
سهلا	sahlan
هيدروجين	hajdrod͡ʒin
أوساكا	ʔusaka
خادم	xadim
حنفية	ħanafijja
إلكترونيات	ʔiliktrunijjat
جميز	d͡ʒummajz
ركلات	rakalat
مصابحة	musˤabaħa
لبان	luban
قاقلة	qaqulla
أولي	ʔawwalijj
هي	hija
محدث	muħaddiθ
ضاع	dˤaʕa
تكدس	tukaddis
شوحة	ʃuħa
أنبوبة	ʔunbuba
شلجم	ʃald͡ʒam
نضب	nadˤaba
إبراهيم	ʔibrahim
طود	tˤawd
خبر	xabar
طحلب	tˤuħlub
عناية	ʕinaja
جمهورية	d͡ʒumhurijja
باطية	batˤija
مصل	masˤl
أغلب	ʔuɣallaba
قز	qazz
شرعي	ʃarriʕi
محاسبة	muħasaba
قتل	qitl
مثل	maθθala
عطن	ʕatˤan
منتظر	muntaðˤar
غلب	ɣallaba
راب	raba
فقوسة	faqqusa
أحب	ʔaħabb
غرب	ɣurb
أو	ʔaw
أرجان	ʔard͡ʒan
تنفس	tunaffas
كيلوغرام	kiluɡram
السبت	assabt
وجبة	wad͡ʒba
أعض	ʔaʕadˤdˤa
فلس	fuls
انتقد	intaqada
فرأ	faraʔ
قام	qama
قيصوم	qajsˤum
شيخ	ʃajx
خبط	xabbatˤa
مستفرغ	mustafriɣ
أنزع	ʔanzaʕa
غرامة	ɣarama
صفة	sˤuffa
أطل	ʔatˤalla
قرميد	qirmid
اشترى	iʃtara
تراخوما	tiraxuma
كوسوفو	kusufu
جزمازج	d͡ʒazmazad͡ʒ
دب	dubb
بوان	biwan
ثقل	θaqula
يرقة	jaraɡa
مصنع	masˤnaʕun
اصطاد	isˤtˤada
أممي	ʔammimi
قتل	qatl
مرفأ	marfaʔ
ترنجان	turund͡ʒan
يسار	jusarru
عنصرية	ʕunsˤurijja
جنينة	d͡ʒunajna
كره	kariha
نون	nun
أيل	ʔajjil
ألا	ʔala
ممسح	mimsaħ
ماسح	masiħ
تنديل	tandilijja
ليلك	lilak
قضم	qadˤm
حالة	ħalata
جندية	d͡ʒundijja
أدهش	ʔadhiʃ
خيرة	xijara
تايلندي	tajlandijj
شعبية	ʃaʕbijja
دسار	disar
إريس	ʔirris
غضب	ɣudˤiba
نقض	naqadˤa
فروغ	furuɣ
شحرور	ʃuħrur
انخرط	inxaratˤa
احتضن	iħtadˤana
شراب	ʃarab
فصيلة	fasˤila
قلية	qillijja
تقرح	taqarraħa
مضاربة	mudˤaraba
عطن	ʕatˤina
عشرون	ʕiʃrun
شام	ʃama
تينة	tina
أغضب	ʔaɣdˤaba
ولاية	wilaja
بلاذر	balaðir
هو	hu
هدس	hadas
علج	ʕild͡ʒ
بطانة	bitˤana
رسداق	rusdaq
صحافي	sˤiħafijj
أمستردام	ʔamstirdam
إيران	ʔiran
فران	farran
بازار	bazar
متلوث	mutalawwiθ
منبه	munabbih
رتيلة	rutajla
أن	ʔann
مخصصات	muxasˤsˤasˤat
أنقض	ʔanqadˤi
غني	ɣanni
اعتلى	iʕtala
حصل	ħasˤala
إربيان	ʔirbijan
أكتوبر	ʔuktubar
ورس	wars
زنخ	zanixa
تفاوض	tafawadˤa
خيط	xajtˤ
تصغير	tasˤɣir
جريب	d͡ʒarib
حرق	ħarraqa
إبليس	ʔiblis
قذارة	qaðara
مثل	maθal
ذوب	ðawwaba
مغناطيسية	miɣnatˤisijja
زكام	zukam
اعتل	iʕtalla
زرزر	zurzur
غرفة	ɣurfa
زجاجة	zad͡ʒad͡ʒa
تقديم	taqdim
موسكو	mosko
مثل	miθli
هدف	hadaf
صناب	sˤinab
بطارخ	batˤarix
جاء	d͡ʒaʔa
فريق	fariq
مالقة	malaqa
بليحاء	baliħaʔ
دم	dimm
طالما	tˤalama
سن	sinn
لكن	lakin
انفرث	infaraθa
ناردين	nardin
جرافة	d͡ʒarrafa
جنب	d͡ʒuniba
فرند	firind
سيدا	sida
تحرش	tuħarraʃa
دينار	dinar
جرجير	d͡ʒird͡ʒir
سنة	sunna
شمالي	ʃamalijj
صبر	sˤabr
صك	sˤakka
عض	ʕidˤdˤ
ناقض	naqadˤa
شرد	ʃarada
عجول	ʕad͡ʒul
نوح	nawħ
ؤ	ʔ
إمهال	ʔimhal
رب	rabbi
تنوب	tannub
أنطاليا	ʔantˤalija
إما	ʔimma
زبل	zibl
كتب	kutub
صواع	sˤiwaʕ
فعلا	fiʕlan
بعيد	baʕid
هيبة	hajba
مستشرق	mustaʃriq
أسود	ʔusud
شاخ	ʃaxa
انتظر	intaðˤara
بارز	baraza
فسا	fasa
عبد	ʕabada
بطؤ	batˤuʔa
في	fi
قوم	qawm
غائر	ɣaʔir
فراسيون	farasijun
سيرج	sirid͡ʒ
بغلة	baɣla
قدوم	qajdum
هناك	hunaka
توقف	tawaqqafa
صعب	sˤaʕb
سكرجة	sukrud͡ʒa
فتق	fatq
عتيق	ʕatiq
تزحلق	tazaħluq
بح	baħħa
تصنيف	tasˤnif
رضيع	radˤiʕ
عرقي	ʕirqijj
مبارك	mubarik
إياك	ʔijjaka
رئيسي	raʔisijj
غالب	ɣalib
صاقور	sˤaqur
قديم	qadim
قسطاس	qustˤas
فاوض	fawadˤa
قيثارة	qiθara
تحريضي	taħridˤijj
عضلة	ʕadˤala
لو	law
بلور	billawr
ساهور	sahur
البهاما	albahama
أوروغواي	ʔuruɣuwaj
برذون	birðawn
سمن	sammana
طل	tˤul
شيمة	ʃima
بالوعات	baluʕat
شاهدانج	ʃahdanad͡ʒ
علل	ʕallala
معقود	maʕqud
سمع	samʕ
جامعة	d͡ʒamiʕa
اكتسب	iktasaba
سيكران	sajkaran
صراط	sˤiratˤ
نوفمبر	nufimbir
آدمي	ʔadamijj
صربيا	sˤirbija
عبقري	ʕabqarijj
مطار	matˤar
جدوار	d͡ʒadwar
قهوة	ɡhawa
طباخ	tˤabbax
أخرس	ʔaxras
أسارون	ʔasarun
عظم	ʕaðˤuma
طعن	tˤaʕana
شاي	ʃaj
أكتوبر	ʔuktubir
مؤتمر	muʔtamar
متنوع	mutanawwiʕ
هو	huwa
درياق	dirjaq
أرز	ʔuruzz
بذرقطونا	baðraqatˤuna
أيلول	ʔajlul
فضي	fidˤdˤijj
جناح	d͡ʒanaħ
تجدد	tad͡ʒaddada
شلة	ʃilla
صاخب	sˤaxib
شهادة	ʃahada
تعفج	taʕaffad͡ʒa
ساج	sad͡ʒ
وجيز	wad͡ʒiz
قرطاس	qirtˤas
تساوى	tasawa
فقوس	faqqus
صلصال	sˤalsˤal
غد	ɣad
مذاق	maðaq
قيطون	ɡatˤun
قيراط	qiratˤ
فرفيري	firfirijj
طاح	tˤaħa
حكومي	ħukumijj
تضرر	tadˤarrur
مساحة	massaħa
قلوي	qilwijj
بس	bassa
إنما	ʔinnama
أعياد	ʔaʕjad
مفتش	mufattaʃ
صيني	sˤinijj
نظر	niðˤr
نيكاراغوا	nikaraɣuwa
إ	ʔi
ق	q
هويات	huwijjat
ثقيل	θaqil
تنفس	tanfusa
عبوة	ʕubuwwah
مارس	mars
ساط	satˤa
واعد	waʕada
قبر	ɡabur
قسيس	qissis
هراوى	harawa
كراوية	karawija
أذن	ʔaðn
دائخ	daʔix
تشنج	taʃannud͡ʒ
أذن	ʔuðun
إنبيق	ʔinbiq
اعتاد	iʕtada
رسول	rasul
اختبأ	ixtabaʔ
سكن	sakana
طربوش	tˤarbuʃ
فارغ	fariɣ
لهجة	lahd͡ʒa
قوت	qut
جميل	ɡamil
محلي	muħalli
بقية	baqijja
أدار	ʔadara
أعل	ʔaʕalla
مسطرة	mistˤara
شدة	ʃadda
فريسة	farisa
تعذب	taʕaððaba
تنامى	tanama
ودج	ʔawdad͡ʒ
مدرك	mudrik
سوس	sawwasa
برعم	burʕum
ولد	walada
عيد	ʕid
قوض	qawwadˤa
جمل	ɡæmɛl
ثعبان	tuʕban
أحاط	ʔuħatˤa
كتاب	kuttab
أله	ʔallaha
صغر	sˤiɣar
ضاحية	dˤaħija
جعفر	d͡ʒaʕfar
حسنا	ħasanan
مربى	murabba
بارزذ	barzað
مونتريال	muntrijal
أربعون	ʔarbaʕuna
زها	zaha
انقلاب	inqilab
إسكتلندي	ʔiskutlandijj
عميق	ʕamiq
تقيأ	taqajjaʔa
فرث	fariθa
رجل	rid͡ʒl
ڤ	v
جمعة	d͡ʒumuʕa
موضوع	mawdˤuʕ
نجار	nud͡ʒar
سنور	sinnawr
بعلبك	bʕalbak
ندوة	nuduwwa
بكى	baka
شهل	ʃuhl
استل	istalla
سمع	sammaʕa
كراج	ɡarad͡ʒ
ضرب	dˤaruba
قبر	ɡubbar
قوقع	qawqaʕ
تطبب	tatˤabbaba
سماد	samad
زود	zawwada
مليار	miljar
أنا	ʔana
فيديو	vidijo
أشخص	ʔaʃxasˤa
خيزران	xajzuran
سبتمبر	sibtimbar
أسهل	ʔusahhila
كراز	kurraz
حبق	ħabaqa
كهرباء	kahrabaʔ
جمعة	d͡ʒumaʕa
قافلة	qafila
طوب	tˤub
هذى	haða
مات	mōt
حورية	ħurijja
معير	muʕir
هو	huwah
ذبابة	ðubaba
غباوة	ɣabawa
شبع	ʃabiʕa
أوركسترا	ʔorkestra
غضب	ɣadˤib
منام	manam
منطقي	mantˤiqijj
شيطاني	ʃajtˤanijj
أمس	ʔams
نسيئة	nasiʔa
حوراء	ħawraʔ
طقس	tˤaqisˤ
أشم	ʔaʃamm
دجاجة	dad͡ʒad͡ʒa
استحوذ	istaħwaða
تزدان	tazdanu
أجوف	ʔad͡ʒwaf
طير	tˤajr
دب	dabb
سحلية	siħlijja
قرر	ɡarrar
شرطة	ʃartˤa
فهم	fahima
قد	qadda
تنرفز	tanarfaza
ساسم	sasam
وجهة	wid͡ʒha
مغنم	maɣnam
انبغى	inbaɣa
بولندا	bolanda
تنقض	tanqadˤi
جسامة	d͡ʒasama
ها	ha
أتوبيس	ʔotobis
مصراع	misˤraʕ
بليلة	balila
قصبة	qasˤaba
زق	zaqq
غضب	ɣadˤiba
زربطانة	zarbatˤana
وسخ	wasix
تنور	tanawwara
منشفة	minʃafa
جحر	d͡ʒuħr
مشهور	maʃhur
تدرج	tadarrad͡ʒa
كيول	kajjul
جلوز	d͡ʒillawz
قلاووظ	qalawuðˤ
ضفدع	dˤufduʕ
حكومة	ħukuma
سن	sann
ش	ʃ
جهنم	d͡ʒahannam
أكيد	ʔakid
ظ	ðˤ
انقد	inqadda
شوكولاتة	ʃokolata
طلع	tˤaliʕa
مائدة	maʔida
لهيب	lahib
ألفبائي	ʔalifbaʔijj
ط	tˤaʔ
نشيد	naʃid
جذوع	d͡ʒuðuʕ
مفلس	muflis
رفأ	rafaʔa
إكاف	ʔikaf
منتصف	muntasˤaf
تكدس	tukaddasu
سكافة	sikafa
نور	nawwara
عيان	ʕijan
يورو	juro
غرب	ɣaraba
آخن	ʔaxan
أحبك	ʔuħibbuki
تشخيصي	taʃxisˤijj
سن	sanna
غرين	ɣarin
خبز	xubz
تكدس	tukaddasa
قسر	qasara
قلب	qullab
لندني	landanijj
رباعيات	rubaʕijjat
معدوم	maʕdum
جدا	d͡ʒiddan
عمان	ʕuman
دخل	daxl
شجو	ʃad͡ʒw
سريش	sariʃ
الإمارات	alʔimarat
أفسنتين	ʔafsintin
ممتلكات	mumtalakat
متفرغ	mutafarriɣ
موظفة	muwaðˤðˤafa
ثقبة	θuqba
المكسيك	almaksik
جنوب	ɡanub
سيكران	sajkuran
وفق	wafiqa
جنح	d͡ʒunħ
محمدة	maħmada
سلامتك	salamtak
أتون	ʔattun
إيانا	ʔijjana
حلبة	ħulba
بوابة	bawwaba
سربال	sirbal
أرثوذكسي	ʔurθuðuksijj
قدوم	qaddum
بثرات	baθarat
بلغاريا	balɣarija
وجد	wad͡ʒd
نساء	nasaʔ
فلاديمير	fladimir
رحب	raħb
بردقوش	bardaquʃ
ساذج	saðad͡ʒ
تنفس	tanaffus
طالب	tˤalib
سجا	sad͡ʒa
رقابة	raqaba
شمسية	ʃamsijja
فاجأ	fad͡ʒaʔa
شاورما	ʃawirma
قرن	qarn
مكياج	mɪkjɑd͡ʒ
غلب	ɣalab
وتيرة	watira
ليموني	lajmunijj
ر	r
تحرش	tuħarraʃ
تراوح	tarawaħa
صمغ	sˤamɣ
عناية	ʕanaja
قيمة	qima
ثقافي	θaqafijj
تلفون	tulfuna
بلجيكا	beld͡ʒika
طبعة	tˤabʕa
عناب	ʕunnab
مبرة	məbərə
نتف	nataf
استعمار	istiʕmar
جولق	d͡ʒawlaq
دهس	dahs
بشملة	baʃmala
شخص	ʃaxsˤ
شجيع	ʃad͡ʒiʕ
ثداء	θuddaʔ
قرصعنة	qursˤaʕanna
ملك	mullak
نبات	nabat
مخيط	mixjatˤ
زميلات	zamilat
مسيح	masiħ
مؤمن	muʔman
مصباح	misˤbaħ
تجدد	tad͡ʒaddud
رحب	raħuba
قرن	qarana
تنور	tannur
قرد	qard
مغنيسيوم	maɣnisijum
جثمان	d͡ʒuθman
خيبة	xajba
تصميم	tasˤmim
مسلم	musallam
بعر	baʕara
طاقم	tˤaqim
قدم	qadama
معدة	miʕda
دمي	damija
الأحد	alʔaħad
تقبض	taqabbadˤa
أسهل	ʔusahhalu
زق	zaqqa
عميد	ʕamid
قارب	qarib
زاي	zaj
فاسد	fasid
مشعاع	miʃʕaʕ
زيار	zijar
ريح	riħa
ندبة	nudba
أشقر	ʔaʃqar
أجنبي	ʔad͡ʒnabijj
بزق	bazq
ضمن	dˤimn
فلم	film
جربوع	d͡ʒarbuʕ
عاشوراء	ʕaʃuraʔ
إستديو	ʔistidjo
قنص	qanasˤa
مضمون	madˤmun
ويكي	wiki
محرك	muħarrik
فسح	fasaħa
جنك	d͡ʒank
فلنجة	faland͡ʒa
مثنان	miθnan
يوم	jawm
رجع	rad͡ʒʕ
حسنا	ħassanna
ذرة	dura
جورجي	d͡ʒurd͡ʒijj
سرة	surra
تماسك	tamasaka
سائمة	saʔima
قراص	qurrasˤ
بنت	binti
عيد	ʕijad
مدة	madda
إيارج	ʔijarad͡ʒ
سيادة	sijada
عصف	ʕasˤafa
خسئ	xasiʔa
كيلومتر	kilomiter
كتاب	kitab
هن	hanna
يرقة	jaraʔa
وصاية	wisˤaja
نضيج	nadˤid͡ʒ
قرص	qursˤ
خوخة	xawxa
فجور	fud͡ʒur
سوس	sus
بابور	babur
شعري	ʃiʕrijj
أوكرانيا	ʔukranija
خجول	xad͡ʒul
تكلم	takallum
غنيمة	ɣanima
حق	ħuqqa
كادس	kadis
قطف	qatˤafa
أممي	ʔumamijj
تعطى	tuʕtˤa
أمي	ʔummi
برتقال	burtuqal
بوذا	buða
جماعة	d͡ʒamaʕa
قضم	qadˤam
حمل	ħammala
جدد	d͡ʒadad
ضمخ	dˤamaxa
آذى	ʔaða
بدهي	badahijj
استوضح	istawdˤaħa
سفينة	safina
فرن	furn
كاكنج	kakand͡ʒ
الحارث	alħariθ
مئبر	miʔbar
غزير	ɣazir
محطة	maħatˤtˤa
قلم	ɡalam
فص	fasˤsˤ
حلبوب	ħulbub
ساوم	sawama
أرقان	ʔarqan
صراخة	sˤarraxa
حاد	ħadd
فوج	ʔafwad͡ʒ
الأردن	alʔurdunn
عقاقير	ʕaqaqir
غوشنة	ɣawʃana
و	wɪ
اعوج	iʕwad͡ʒd͡ʒa
ديماس	dajmas
طما	tˤama
آسفي	ʔasafi
حندقوق	ħandaquq
مشأمة	maʃʔamah
خيمة	xajma
طوافة	tˤawwafa
طار	tˤara
عزيمة	ʕazima
قبة	qubba
فلسطين	filastˤin
عندما	ʕindama
أذن	ʔaððana
ولى	walla
ترمس	tirmis
تأثير	taʔθir
كمء	kamʔ
لام	lam
مختلف	muxtalif
سكنجبين	sikand͡ʒabin
أسهل	ʔusahhilu
عنبر	ʕanbar
ضعيف	dˤaʕif
علف	ʕælæf
بليج	ballid͡ʒ
غباء	ɣabaʔ
خروف	xaruf
فوج	fawd͡ʒ
مكمل	mukammil
متجر	matd͡ʒar
لهى	lahha
مقالة	maqala
بصق	basˤaqa
الخميس	alxamis
كرباج	kurbad͡ʒ
هراوات	hirawat
خوخ	xawx
مجسمة	mud͡ʒassama
حيصل	ħajsˤal
بطاطس	batˤatˤis
نظام	niðˤam
حش	ħaʃʃa
شامبو	ʃambu
حصوة	ħasˤwa
ذخيرة	ðaxira
مأساة	maʔsah
فرقاطة	furqatˤa
مستقبلي	mustaqbalijj
حقد	ħaqada
تمرد	tamarrud
قرش	qaraʃa
كثير	kaθir
براعة	baraʕa
لامبالاة	lamubalah
افترى	iftara
رجع	rad͡ʒd͡ʒaʕa
محقق	mʊħɐqqɪq
خطف	xatˤf
مولدوفا	moldofa
أمس	ʔamassu
لاحق	laħaqa
أبدية	ʔabadijja
مداخل	mudaxal
مرحلة	marħala
إبريق	ʔibriɡ
مناقض	munaqidˤ
استمسك	istamsaka
بناية	binaja
كرى	kara
فطيسة	fatˤisa
كلب	kalb
مطعم	matˤʕam
فلان	flɑn
مهاجر	muhad͡ʒir
صدم	sˤadama
سذاجة	saðad͡ʒa
أخطبوط	ʔuxtˤubutˤ
حرج	ħarid͡ʒa
لكمة	lakma
وردة	wurda
سكسكة	saksaka
فتاة	fatah
مطحنة	mitˤħana
حمل	ħiml
بارزد	barzad
خشخاش	xaʃxaʃ
سياسة	sijasa
عيسى	ʕisa
ماه	maha
لغة	lʊʁə
وابور	wabur
تعزب	taʕazzaba
هجليج	hid͡ʒlid͡ʒ
فلاديمير	vladimir
مجلس	mad͡ʒlis
جيد	d͡ʒid
أورانيوم	ʔuranjum
هم	hamma
شافانج	ʃafanad͡ʒ
بدنة	badana
معتزلة	muʕtazila
طبي	tˤibbijj
جربندية	d͡ʒarabandijja
ناووس	nawus
ب	b
قبر	ɡabir
طلح	tˤalħ
تكدس	tukdas
سمن	sumna
رفس	rafasa
استضاف	istadˤafa
ضريبة	dˤariba
قسم	qassama
حب	ħabba
حرشف	ħarʃaf
خرنق	xirniq
مصلى	musˤallan
أشار	ʔaʃara
السويد	assuwajd
ترقوة	tarquwa
طاعون	tˤaʕun
مزدهر	mʊzdæhɪr
ترنج	turund͡ʒ
خرج	xurd͡ʒ
ضحك	dˤaħħaka
زجاجة	zud͡ʒad͡ʒa
موسيقا	musiqa
بعير	baʕir
جدوى	d͡ʒadwa
حوار	ħiwar
بحر	baħar
حبرج	ħubrud͡ʒ
استثمار	istiθmar
تواقف	tawaquf
سليل	salil
شهر	ʃahr
معجزات	muʕd͡ʒizat
مغلوب	maɣlub
عطارد	ʕutˤarid
رغف	ruɣuf
أمامي	ʔamamijj
اكتفاء	iktifaʔ
شريان	ʃirjan
معاداة	muʕadah
ذكر	ðakar
بذلة	biðla
ملاكمة	mulakama
عكاز	ʕukkaz
عيد	ʕida
جدد	d͡ʒudad
أين	ʔajn
بروناي	brunaj
حجاب	ħiʒab
صوف	sˤuf
أكل	ʔukul
أفرغ	ʔafraɣa
غرلة	ɣurla
رح	ruħ
هنغاري	hinɣarijj
الفرات	alfurat
تبغ	tibɣ
صندوق	sˤanduq
ورى	wɐrə
أريكة	ʔarika
براني	barranijj
سرداب	sirdæb
جذر	d͡ʒaððara
واجهة	wad͡ʒiha
حسنا	ħasunna
منصب	mansˤib
عراك	ʕirak
ملوكية	mulukijja
إزميل	ʔizmil
ملعقة	milʕaqa
أنتم	ʔantum
ج	d͡ʒ
ميثاق	miθaq
إنتاج	ʔintad͡ʒ
خرنباش	xaranbaʃ
تلك	tilka
قطران	qatˤran
مغن	muɣannin
تحرش	tuħarriʃa
حوجلة	ħawd͡ʒala
ربما	rubbama
باحث	baħiθ
نصاب	nasˤsˤab
فلس	falasa
خبر	xabbara
حادث	ħadaθa
سليخة	salixa
كيف	kajjafa
هنغاريا	hanɣarija
عيني	ʕajnijj
شبعان	ʃabʕan
نحن	naħnu
نشل	naʃl
ث	θaʔ
رد	rid
مذيع	muðiʕ
بقي	biɡi
نفوذ	nafuð
بوذية	buðijja
مشط	muʃtˤ
سافانا	safana
كسرة	kasra
أجاب	ʔud͡ʒabu
أحاط	ʔuħatˤu
قريب	qarib
جراحة	d͡ʒiraħa
أوجد	ʔawd͡ʒada
بقس	baqs
مبكر	mubakkir
مكان	makan
دين	din
بيلادونا	biladuna
بضاعة	bidˤaʕa
بزق	bazaqa
نشادر	nuʃadir
قهوة	ɡahwɛ
رقبة	raqaba
رقم	raɡim
خبط	xabtˤ
مصطار	musˤtˤar
ذكر	ðikr
دشداشة	diʃdaʃa
قرمزي	qirmizijj
تايوان	tajwan
فسح	fasħ
حلقوم	ħulqum
ملك	malk
شوى	ʃawa
باقة	baqa
معطف	miʕtˤaf
شابانك	ʃabanak
حصرم	ħisˤrim
درجة	darad͡ʒa
آخرة	ʔaxira
دين	dina
هود	hawwada
جسماني	d͡ʒusmanijj
بحريني	baħrajnijj
استنفاد	istinfad
ليبيا	libija
إردب	ʔardabb
مكتب	maktab
ارتقب	irtaqaba
مفك	mifakk
عاطف	ʕatˤif
لواء	liwaʔ
تحكيم	taħkim
منطقة	mintˤaqa
جنة	d͡ʒanna
اشهل	iʃhalla
أسطول	ʔustˤul
بصير	basˤir
تنفس	tunfasa
متشكر	mutaʃakkir
منقار	minɡar
استبحر	istabħara
هزيمة	hazima
سوق	sawwaqa
وقود	waqud
كوريا	korija
بري	barri
ملاقاة	mulaqah
كرك	kurk
غضاضة	ɣadˤadˤa
فارع	færiʕ
اصطك	isˤtˤakka
قلب	qalb
سنبوسق	sambusaq
جنيه	ɡuneh
أي	ʔajj
أشكل	ʔaʃkal
ض	ɮˤ
ثم	θamma
كفات	kifat
الاثنين	ʔaliθnajni
خواتم	xawatim
فدن	fadan
وضح	wadˤaħa
كنز	kanz
ذليل	ðalil
يوجوسلافيا	juɡoslavija
رخخة	rixaxa
كافر	kafir
مرتفع	murtafiʕ
تأوه	taʔawwuh
دم	dam
لها	laha
فوطة	futˤa
جدر	d͡ʒadura
نقحر	naqħara
ربوة	rubwa
كرها	karhan
نمط	namatˤ
قوقعة	qawqaʕa
دائرة	daʔirah
مخطوب	maxtˤub
عبودية	ʕubudijjah
شريان	ʃarjan
تنفس	tunaffisu
أيهقان	ʔajhuqan
هذا	hada
نورس	nawras
مشاية	maʃʃaja
صاد	sˤada
ثانوي	θanawijj
سكرتير	sikritir
تسعون	tasʕawna
سينمائي	sijnamaʔijj
واقعي	waqiʕijj
لك	lakk
ناقض	naqidˤ
أوزبكستان	ʔuzbakistan
ي	jaʔ
بطالة	batˤala
طومار	tˤumar
ريوند	riwand
عادة	ʕada
لله	lillah
ألمانيا	ʔalmanija
فلسطين	falastˤin
سنونية	sununija
معجزة	mʊʕd͡ʒɪza
سروال	sirwal
رساطون	rasatˤun
طلا	tˤalan
خزانة	xizana
حرامي	ħaramijj
بقس	buqs
قاض	qadˤa
دومان	duman
ظبي	ðˤabj
تعلة	taʕilla
قاسم	qasim
استدعى	istadʕa
تفاحة	tuffaħa
أصهب	ʔasˤhab
تحالف	taħaluf
حرير	ħɑrir
سليقة	saliqa
صابح	sˤabaħa
جمجمة	d͡ʒumd͡ʒuma
سحاب	saħab
كيف	kajf
إبرة	ʔibra
خارجي	xarid͡ʒijj
صنعة	sˤanʕa
طائر	tˤaʔir
حمل	ħaml
نرويجية	nurwid͡ʒijja
رياضة	rijadˤa
أمراء	ʔumaraʔ
مجلة	mad͡ʒalla
لحظ	laħaðˤa
سكين	sikkin
مضمار	midˤmar
هدهد	hadhada
قشر	ɡaʃʃar
شبوط	ʃabbutˤ
ديسق	disaq
مشربة	maʃraba
تنزانيا	tanzanja
تحت	taħtu
طعام	tˤaʕam
فاثور	faθur
بعثران	baʕθaran
تكدس	takdis
رمى	rama
دولي	dawlijj
يسار	jusarra
تدخين	tadxin
طرمبة	tˤromba
محام	muħamin
سريع	sariʕ
دقيق	daɡiɡ
تالي	tali
مصفاة	misˤfah
سيء	siʔa
سنونو	sununu
أ	ʔu
ثوم	θum
بلجيكي	bild͡ʒikijj
قداد	qidad
حمزة	ħamza
قرانيا	qaranija
توجو	toɡo
مسعور	masʕur
رجل	rad͡ʒil
أشل	ʔaʃalla
أشترغار	ʔuʃturɣar
كوسا	kusa
قاتم	qatim
مجرم	mud͡ʒrim
عجب	ʕad͡ʒd͡ʒaba
خراب	xarab
أزدرخت	ʔazdarxat
أفرع	ʔafruʕ
علني	ʕalanijj
لسان	lisan
ثلاثة	θalaθah
زكريا	zakarijja
أسياخ	ʔasjax
طوارئ	tˤawariʔ
شيطان	ʃajtˤan
أنبيق	ʔanbiq
ز	z
ناصور	nasˤur
غرق	ɣaraɡ
محاضرة	muħadˤira
خالف	xalafa
سفرة	sufra
نفض	nafadˤa
سحابة	saħaba
صودا	sˤoda
حجفة	ħad͡ʒafa
سكرجة	sukurrud͡ʒa
توأم	tawʔam
طلمبة	tˤulumba
غرابيل	ɣarabil
شاطئ	ʃatˤiʔ
نخل	naxl
فيديو	fidiju
تنحى	tanaħħa
طرطور	tˤartˤur
فيلم	film
فلس	fals
ا	ʔalif
طويل	tˤawil
محاور	maħawir
غلب	ɣaliba
ماهاراجا	maharad͡ʒa
ثم	θumma
وسام	wisam
شقة	ʃaqqa
كراز	kuraz
شدياق	ʃidjaq
لله	laɫɫah
سيخي	sixijj
إيجاد	ʔid͡ʒad
مجنون	mad͡ʒnun
عقيق	ʕaqiq
بدلة	badla
دوى	dawan
مؤشر	muʔaʃʃir
روح	rawħ
أرقان	ʔarɡan
قطران	qatˤaran
تكفيري	takfirijj
مؤلف	muʔallaf
اصطلاح	isˤtˤilaħ
امرأ	imraʔan
مهاجم	muhad͡ʒim
لألأ	laʔlaʔa
أخلاط	ʔaxlatˤ
قطعة	qitˤʕa
مربوط	marbutˤ
هجليج	had͡ʒlid͡ʒ
اقتاد	iqtada
طموح	tˤumuħ
زواج	zawad͡ʒ
أردمون	ʔardamun
سحم	saħam
جرابي	d͡ʒirabijj
نعوظ	nuʕuðˤ
قطع	qatˤtˤaʕa
إجاص	ʔid͡ʒd͡ʒasˤ
دزينة	dazzina
ضمان	dˤaman
وراثة	wiraθa
وظف	wuðˤuf
إباحي	ʔibaħijj
بريمة	barrima
تاجورة	tad͡ʒura
صدرية	sˤadrijja
تأسف	taʔassafa
سمك	samak
الأرثوذكسية	alʔurθuðuksijja
طبيب	tˤabib
معدات	muʕaddat
عل	ʕalla
شمندورة	ʃamandura
جاف	d͡ʒaff
تعالم	taʕalama
رقبة	raɡaba
مجاور	mud͡ʒawir
دستور	dustur
فضح	fadˤaħa
جبت	d͡ʒibt
أ	ʔ
و	o
درونج	darawnid͡ʒ
دوغ	duɣ
بسبب	bisababi
طاق	tˤaqa
كهرمان	kahraman
لئلا	liʔalla
هو	wahwa
فيديو	vidju
زرشك	zarraʃk
ترك	turk
كابلي	kabulijj
زغلول	zaɣlul
سبعة	sabʕa
بورما	burma
ذاب	ðaba
جفنة	d͡ʒafna
رقف	raqaf
عرعر	ʕarʕar
سلطوية	sultˤawijja
هن	hunna
كوب	kub
برعم	barʕama
مجمر	mid͡ʒmar
المرء	almarʔ
عجور	ʕad͡ʒd͡ʒur
نخاع	nuxaʕ
أغسطس	ʔaɣustˤus
يبروح	jabruħ
ذريع	ðariʕ
متعة	mutʕa
فراغ	furraɣ
بحيرة	buħajra
فركس	firkis
حرص	ħarasˤa
جبل	d͡ʒabal
محمد	maħmid
قرص	qarsˤ
طرز	tˤarraza
شمعة	ʃamaʕa
مري	murrijj
ضحك	dˤaħk
مسرحي	masraħijj
اندلع	indalaʕa
بيعة	biʕa
منفاخ	minfax
كراز	karraz
مدغشقر	madaɣaʃqar
محايد	muħajid
بطريركية	batˤrijarkijja
بساط	ʔabsitˤa
سؤال	suʔʔal
غواتيمالا	ɣwatimala
أفك	ʔafaka
نظف	naðˤðˤafa
ديماس	dimas
نخروبي	nuxrubijj
أين	ʔajna
تجنب	tad͡ʒannub
إمناء	ʔimnaʔ
معلم	muʕallim
شيء	ʃajʔ
أفرغ	ʔafraɣ
خرمال	xurmal
مسدس	musaddas
الصومال	asˤsˤumal
ضوأ	dˤawwaʔa
معتقل	muʕtaqal
إتاوة	ʔitawa
القرآن	alqurʔan
عاطفي	ʕatˤifijj
خاف	xafa
وجب	wad͡ʒd͡ʒaba
غربة	ʁʊrbɐ
تم	tamma
محاضر	muħadˤar
أنجدان	ʔand͡ʒudan
دنيا	dunja
أضمر	ʔadˤmar
نظر	naðˤara
دكتور	duktur
بظر	bɑðˤr
ديسق	dajsaq
ميمنة	majmana
قسطاس	qistˤas
أخامص	ʔaxamisˤ
جشاء	d͡ʒuʃaʔ
دجاج	dad͡ʒad͡ʒ
أسفراج	ʔasfarad͡ʒ
أدكن	ʔadkan
عقال	ʕuqqal
هل	hal
فصح	fasˤuħa
مجدد	mud͡ʒaddid
لذلك	liðalika
متأخرا	mutaʔaxxiran
مقع	maqaʕa
سبتمبر	sibtambir
تقدم	taqaddama
فرمل	farmala
عار	ʕara
مرآة	mirʔah
أساس	ʔasas
هجرة	hid͡ʒra
مخصوص	maxsˤusˤ
انبثق	inbaθaqa
إذا	ʔiða
سليلة	salila
بطاء	bitˤaʔ
قفص	qafasˤ
فسافس	fasafis
غرد	ɣarrada
لهجة	lahʒa
حاز	ħaza
تطوان	tatˤwan
سرقسطة	saraqustˤa
تسعة	tisʕa
تساوى	tusawa
معدة	maʕda
يربوز	jarbuz
عزى	ʕazza
قبو	qabw
أحول	ʔaħwal
اطرد	itˤtˤarada
قندهار	qunduhar
سيف	sajf
تونس	tunus
مثل	muθul
دخس	duxas
حقبة	ħiqba
قشدة	qiʃda
ادعى	iddaʕa
مصطلح	musˤtˤalaħ
كره	karh
أوشك	ʔawʃaka
غامض	ɣamidˤ
وصفة	wasˤfa
سماوي	samawijj
تناوم	tanawama
أسف	ʔasifa
أبرز	ʔabruz
صولجان	sˤawlad͡ʒan
جلاد	d͡ʒallad
السلفادور	assalfadur
تومان	tuman
دعا	daʕa
قاوونة	qawuna
قهوة	qahwa
شجا	ʃad͡ʒa
ديسمبر	disimbir
حقل	ħaql
همزة	humaza
فستان	fustan
النرويج	annurwid͡ʒ
شار	ʃarin
أقضى	ʔuqdˤa
إسماعيل	ʔismaʕil
استغنى	istaɣna
مغسلة	maɣsala
معهد	maʕhad
كوج	kud͡ʒ
مرماخور	marmaxur
تاج	tad͡ʒ
الجمعة	ald͡ʒumʕa
شمس	ʃams
إبليز	ʔibliz
ليت	lajta
انشقاق	inʃiqaq
معدة	maʕida
يسار	jusaru
دخان	duxan
نصراني	nasˤranij
ترانزستور	tranzistur
واقع	wɑqiʕ
كوشاد	kuʃad
قنينة	qinnina
مرجل	mird͡ʒal
ثمن	θumun
صدر	sˤudira
طلع	tˤalaʕa
شعبة	ʃiʕba
طيارة	tˤajjara
الصويرة	asˤsˤawira
شحاذ	ʃaħħað
عجيب	ʕad͡ʒib
حصرم	ħusˤrum
حمام	ħamam
استدل	istadalla
الأربعاء	alʔarbiʕaʔ
ذروة	ðurwa
مغرور	maɣrur
زربية	zarbijja
قاسم	ɡasim
شاشة	ʃaʃa
قنديل	qandil
تنديل	tindil
إنجليزي	ʔind͡ʒilizijj
ولد	walad
و	waw
خرقة	xirqa
قهوة	ʔahwa
كنار	kanar
زفر	zafara
عضوية	ʕudˤwijja
بنما	banama
دوري	dawrijj
رأي	raʔj
جاد	d͡ʒada
مثل	miθlu
قد	qud
أعزب	ʔaʕzab
فيروزي	fajruzijj
أثل	ʔaθla
دردي	durdijj
قائف	qaʔif
بساط	busutˤ
دورة	dawra
شوفان	ʃufan
الصين	asˤsˤin
صفد	sˤafada
إسرائيل	ʔisraʔil
أطفال	ʔatˤfal
أخت	ʔuxt
بليج	billid͡ʒ
قيافة	qijafa
أنموذج	ʔunmuðad͡ʒ
مرفوع	marfuʕ
عوار	ʕawar
أفريقيا	ʔafriqja
المغرب	almaɣrib
غضب	alɣadˤab
عرناس	ʕarnas
ممارسة	mumarasa
كرواتيا	kuruwatija
إزاء	ʔizaʔa
تجنى	tad͡ʒanna
ترك	tark
زنباع	zanbaʕ
منيرة	munira
ائتلف	iʔtalafa
منافس	munafis
و	wə
غلاء	ɣalaʔ
منهج	minhad͡ʒ
لاهور	lahur
خصوبة	xusˤuba
الأندلس	alʔandulus
مدرسة	mudarrisa
أن	ʔanna
سنوت	sannut
أسهل	ʔashul
شدا	ʃada
إصقنقور	ʔisˤqanqur
رادف	radafa
نستعليق	nastaʕliq
قلنسوة	qalansuwa
قبيلة	qbila
أعجمي	ʔaʕd͡ʒamijj
زنبوع	zanbuʕ
جمادى	d͡ʒumada
دورق	dawraq
لسان	lsan
كسوف	kusuf
استدعاء	istidʕaʔ
تمنى	tamana
جزئي	d͡ʒuzʔijj
هدد	haddada
ساء	saʔa
سيناء	sajnaʔ
شنبر	ʃambar
تشرفنا	taʃarrafna
نافورة	nafura
ملك	malaka
مخض	maxadˤa
اهتز	ihtazza
جنب	d͡ʒanaba
لؤلؤ	lawluʔ
سكر	sukkar
مرزبة	marzaba
زعط	zaʕatˤa
أعظ	ʔaʕaðˤðˤa
شمروخ	ʃumrux
تعصب	taʕasˤsˤaba
تفرغ	tafarruɣ
جبروت	d͡ʒabarut
فاحش	faħaʃa
تفوق	tafawwuq
مازريون	mazarjun
اعتنى	iʕtana
هائل	haʔil
تعشق	taʕaʃʃaqa
طيفورية	tˤajfurijja
مسلم	muslim
تجرد	tad͡ʒarrada
كبريت	kibrit
كيلوغرام	kiluɣram
قطمة	qatˤma
صفا	sˤafa
هندسة	handasa
مسمار	mismar
مجموع	mad͡ʒmuʕ
مؤسسة	muʔassisa
سطع	satˤaʕa
عنصل	ʕunsˤul
قاس	qasin
جنائي	d͡ʒinaʔijj
إنكار	ʔinkar
برمج	barmad͡ʒa
يرقة	jaraqa
مخلص	muxlisˤ
ابتهج	ibtahad͡ʒa
معدونس	maʕdunis
م	m
خبيئة	xabiʔa
بلس	balas
إكسينون	ʔiksinon
غلقة	ɣalqa
أكشف	ʔakʃafa
زكوة	zakah
نيلي	nilijj
عنكبوت	ʕankabut
طعن	tˤaʕn
نعل	naʕal
قريبا	qariban
زانية	zanija
مدحلة	midħala
تزدان	tazdana
مصعد	misˤʕad
تلقى	talaqqa
خلية	xalijja
ساعد	saʕid
نخاسة	nixasa
غمام	ɣamama
بحر	baħħara
قسم	qism
سيراليون	siralijun
خالد	xalid
ساعة	saʕa
فنجان	find͡ʒan
سخاب	sixab
إنترنت	ɪntərnət
هيبة	hiba
دير	dajr
فكة	fakka
إعلامي	ʔiʕlamijj
ثؤلول	θuʔlul
رحيم	raħim
قلقاسة	qulqasa
شرق	ʃarɡ
كوكبة	kawkaba
استنفد	istanfada
بيدق	bajdaq
مرقص	marqasˤ
أكمة	ʔakamah
خبر	xubr
ولو	walaw
تمسيح	tamsiħ
أولمبي	ʔulimbijj
كان	kana
أسى	ʔasan
نخلة	naxla
بينما	bajnama
لبن	laban
ميزان	mizan
سحم	saħħama
تكية	takijja
كتب	kattaba
أستاذ	ʔustað
كالون	kalun
أضمر	ʔadˤmara
كتان	kattan
زوراء	zawraʔ
أريحا	ʔariħa
اتهام	ittiham
سلطة	salatˤa
أديب	ʔadib
سوق	sawq
فك	fakka
طيون	tˤajjun
بلغم	balɣam
أدهش	ʔudhiʃu
رمضان	ramadˤan
نص	nasˤsˤ
و	u
وضب	wadˤdˤaba
حفر	ħafr
مخلص	muxallisˤ
مسعى	masʕan
نحل	naħl
ض	dˤ
حرز	ħirz
بواليع	bawaliʕ
أنواع	ʔanwaʕ
هاء	haʔ
وضاح	wadˤdˤaħ
ترسة	tirsa
هارون	harun
غواصة	ɣawwasˤa
لائحة	laʔiħa
معتبر	muʕtabir
تنفس	tunaffasu
رشفة	raʃfa
مرسم	marsam
غربة	ɣurba
هاته	hatihi
إمامة	ʔimama
نشل	naʃal
منزل	manzil
هندباء	hindibaʔ
شبابة	ʃabbaba
سلجم	sald͡ʒam
شاء	ʃaʔ
تطبيق	tatˤbiq
أتى	ʔata
ماجور	mad͡ʒur
مفرغ	mufarriɣ
مجلخة	mid͡ʒlaxa
ديانات	dijanat
أردف	ʔardafa
امرأة	imraʔa
شبح	ʃubiħa
ارتاح	irtaħa
كرز	karaz
تناسق	tanasuq
كاشف	kaʃif
عتاب	ʕitab
ديك	dik
لاهوتي	lahutijj
داليا	dalija
هجوم	hud͡ʒum
غفر	ɣafara
بكين	bikin
ميمون	majmun
علس	ʕalas
لهاث	luhaθ
معصم	miʕsˤam
رومانيا	rumanija
شهدانق	ʃahdanaq
زيارة	zijara
ء	ʔ
ملك	malik
حمل	ħamal
مالديفز	maldifz
بئس	baʔisa
سوفياتي	sovjetijj
نعل	naʕala
بلاذر	balaður
آمن	ʔamun
تحوز	taħawwaza
فيديو	vidjo
الحسيمة	alħusajma
حلتيث	ħiltiθ
أرصفة	ʔarsˤifa
توفى	tawaffa
عفريت	ʕifrit
عنق	ʕunaq
كوع	kuʕ
لم	lima
متانة	matana
فيلم	film
أشنة	ʔuʃna
وظيفة	waðˤifa
محبس	maħbas
مقاس	maɡas
خطئ	xatˤiʔa
سيماء	simaʔ
استيقظ	istajqaðˤa
برج	burd͡ʒ
زنزانة	zinzana
أبنوس	ʔabnus
امتعض	imtaʕadˤa
أناخ	ʔanaxa
أكل	ʔakkala
رواقية	riwaqijja
فوضى	fawdˤa
مدفع	madfaʕ
كتلة	kutla
شحاذة	ʃiħaða
خيرة	xira
بطن	batˤana
قرسطون	qarastˤun
جرعة	d͡ʒurʕa
قدم	qaduma
كاف	kaf
محب	muħabb
أفيون	ʔafjun
استخرج	istaxrad͡ʒa
نذير	naðir
مهرجان	mihrad͡ʒan
مهلة	muhla
شقاء	ʃaqaʔ
فلفل	filfil
أناقة	ʔanaqa
أغلب	ʔuɣlab
مدير	mudir
عفونة	ʕufuna
موقف	mawɡif
أفطس	ʔaftˤas
قرصعنة	qarsˤaʕanna
لمع	lamaʕa
بس	bass
أنتما	ʔantuma
لاسلطوي	lasultˤawijj
زرجون	zard͡ʒun
راع	raʕa
استفراغ	istifraɣ
ميثرة	miθara
كثيراء	kaθiraʔ
جمهور	d͡ʒumhur
ظاهري	ðˤahirijj
صفع	sˤafaʕa
غلط	ɣalatˤ
غرامي	ɣaramijj
أدحية	ʔudħija
أبان	bana
سكون	sukun
مظلة	maðˤalla
إي	ʔi
قيطون	ɡitˤon
حماسة	ħamasa
دكتور	doktor
ح	ħaʔ
كمبيوتر	kambjutar
جبان	d͡ʒaban
جنك	d͡ʒunk
حلقوص	ħalqusˤ
رجع	rud͡ʒuʕ
سمبوسة	sambusa
عازب	ʕazib
مبرة	mabarra
انتقم	intaqama
أمغر	ʔamɣara
أوعية	ʔawʕija
مثلجات	muθallad͡ʒat
متفرق	mutafarriq
أسرة	ʔasirra
ي	i
عاشب	ʕaʃib
فربيون	farbijun
سدر	sidr
سفرجل	safard͡ʒal
أخصائي	ʔaxisˤsˤaʔijj
ضيع	dˤajjaʕa
سموم	samum
معمودية	maʕmudijja
دافئ	dafiʔ
مرزبان	marzuban
إياك	ʔijjaki
كيلوغرام	kiluɣram
تنفس	tanfusu
آيسلندا	ʔajslanda
مولى	mawlan
رسالة	risala
كحلاء	kaħlaʔ
مداخل	madaxil
رابط	rabitˤ
أدهش	ʔudhaʃ
ماعونة	maʕuna
تحرير	tæħrir
صلى	sˤalla
سلح	sallaħa
نسيم	nasim
ذئبة	ðiʔba
قذة	quðða
هاون	hawun
بوصير	busˤir
كينيا	kinija
ضمران	dˤamran
ترك	tarraka
خفر	xafara
رب	rubba
محادثة	muħadaθa
هباء	habaʔ
خصوصي	xusˤusˤijj
أثناء	ʔaθnaʔa
أبرز	ʔabraz
علي	ʕalj
بحث	baħaθa
يقين	jaqin
سيرك	sirk
مضيق	madˤiq
مزبلة	mazbala
ك	kɑf
حصرم	ħasˤrama
بوليس	bulis
استكشاف	istikʃaf
ل	lam
غلط	ɣalitˤa
فوز	fawz
يسوع	jasuʕ
سكنجبين	sikand͡ʒubin
تكدس	tukaddisa
محراب	maħarib
جريد	d͡ʒarid
ولكن	walakɪna
أعاجيب	ʔaʕad͡ʒib
إنموذج	ʔinmuðad͡ʒ
قاف	qafa
من	mann
تلاشى	talaʃa
حرش	ħarraʃa
العراق	alʕiraq
وعاء	wiʕaʔ
هن	hinna
فاض	fadˤa
دب	dibb
جناح	d͡ʒunaħ
زخ	zaxx
سميط	samitˤ
أمضى	ʔamdˤa
شره	ʃariha
خطام	xitˤam
فقس	faqasa
شكوهج	ʃikuhad͡ʒ
سلطوي	sultˤawijj
وسع	wasiʕa
رمضان	ramdˤan
خزينة	xazina
الأردن	alʔurdun
أشهل	ʔaʃhal
كذاب	kazzab
قبر	qubbar
صبي	sˤabijj
بازهر	bazahr
أطبة	ʔatˤibba
ثعبان	θuʕban
واجه	wad͡ʒaha
زمام	zimam
تربة	turba
تنفس	tunfas
ث	θ
دونم	dunum
موكب	mawkib
أنا	ʔana
سبطانة	sabatˤana
مايو	maju
بطن	batˤn
حشيش	ħaʃiʃ
دقيق	daqiq
وظف	waðˤðˤafa
عوارية	ʕawarijja
الفلبين	alfilibbin
حصل	ħasˤsˤala
غرق	ɣiriɡ
نشيدة	naʃida
و	u
تذبذب	taðabðub
إذا	ʔiðan
مبالغة	mubalaɣa
ستون	sittuna
أطلع	ʔatˤlaʕa
أربعة	ʔarbiʕa
رد	radda
عجرم	ʕid͡ʒrim
شيك	ʃek
رصفاء	rusˤafaʔ
مسد	massada
تغيير	taɣjir
سلامتك	salamtik
قشر	qaʃʃara
تدليك	tadlik
استمتع	istamtaʕa
عسال	ʕassal
مدخن	mudaxxin
خبر	xabara
انشق	inʃaqqa
تكدس	takaddus
سوس	sawisa
هود	hawd
بلغاريا	bulɣarija
قرمل	qarmal
راقص	raqisˤ
انبث	imbaθθa
كاف	kafin
بند	band
تحرش	taħarraʃa
طاقم	tˤaqam
أدهش	ʔudhaʃa
أحسن	ʔuħassana
صعيد	sˤaʕid
لون	lawwana
كروية	kurawijja
مزرع	mazraʕ
أغلب	ʔuɣlabu
صفد	sˤaffada
شي	ʃajj
كثافة	kaθafa
عطلة	ʕutˤla
وقت	waqat
مراسل	murasil
زمزريق	zamzariq
المسيح	almasiħ
مستفرغ	mustafraɣ
أخشن	ʔaxʃan
تواضع	tawadˤaʕa
فرعون	firʕawn
مال	mal
اللهم	ʔaɫɫahumma
واسع	wasiʕ
شهق	ʃahaqa
ص	sˤad
عم	ʕamm
مراجع	murad͡ʒaʕ
فلاح	fallaħ
عانى	ʕana
قام	qōm
أهبة	ʔuhba
سنبوسك	sambusak
عتمة	ʕatama
كستيج	kustid͡ʒ
ثدييات	θadjijjat
شمال	ʃamal
سلوفينيا	slovenija
خرقة	xirɡa
موزامبيق	muzambiq
أكل	ʔakala
شمشار	ʃamʃar
كستج	kastad͡ʒ
منقض	munqadˤ
ظفر	ðˤifr
قرصن	qarsˤana
حرقدة	ħarqada
بطرك	batˤrak
إنسان	ʔinsan
مكناس	maknas
ميانمار	mijanmar
فلو	fuluww
فرغ	faraɣa
دواسة	dawwasa
إن	ʔin
عصا	ʕasˤa
شرق	ʃarq
صبر	sˤabbara
عبادة	ʕibada
قالب	qalab
حبق	ħabaq
إسحاق	ʔisħaq
ك	k
قال	ʔal
جيش	ɡeʃ
مناخي	manaxijj
نظرية	naðˤarijja
نعس	naʕasa
مرة	marratan
شرموطة	ʃarmutˤa
منتظم	muntaðˤam
باص	basˤ
تأمرك	taʔamraka
أحب	ʔaħabba
خلاص	xalasˤ
تحت	taħta
توراة	attawrah
محمدة	maħmida
عصيان	ʕisˤjan
كبر	kabura
مصدوم	masˤdum
ممحوق	mamħuq
فرقاطة	furɡatˤa
غزلي	ɣazalijj
هاون	hawana
كمر	kamar
جارية	d͡ʒarija
إرهابي	ʔirhabijj
فوضوية	fawdˤawijja
إعياء	ʔiʕjaʔ
عصب	ʕasˤsˤaba
طه	tˤaha
نهر	nahr
قطران	qatˤiran
كوم	kom
أحمر	ʔaħmar
هو	fahwa
أنوق	ʔanuq
كاشف	kaʃafa
عجورة	ʕad͡ʒd͡ʒura
شعب	ʃuʕab
تفاجأ	tafad͡ʒaʔa
رطب	rutˤab
دقيقة	daɡiɡa
تقضب	taqadˤdˤaba
رابع	rabiʕ
مشمش	miʃmiʃ
فراولة	farawila
افتراع	iftiraʕ
كون	kawwana
عالي	ʕali
غبن	ɣabn
صدغ	sˤudɣ
ريباس	ribas
استعان	istaʕana
صقاع	sˤiqaʕ
ديباج	dibad͡ʒ
أريكا	ʔarika
عبودية	ʕʊbudɛjə
سراويل	sarawil
حطاب	ħatˤtˤab
أجذاع	ʔad͡ʒðaʕ
مخروطي	maxrutˤijj
ي	j
أبكم	ʔabkam
فني	fanija
أعقد	ʔaʕɡad
حوول	ħuwila
حجامة	ħad͡ʒama
جزمازق	d͡ʒazmazaq
مستهلك	mustahlik
زمان	zaman
ساحلي	saħilijj
سجادة	sid͡ʒada
نملة	namla
مذاق	madaq
رقم	raɡam
هدى	hada
تعزم	taʕazzama
شمشير	ʃamʃir
جهادي	d͡ʒihadijj
ساكف	sakif
نفخ	nafaxa
نعم	naʕam
اعتمد	iʕtamada
شمال	ʃimal
رغيفة	raɣifa
لاءم	laʔama
حرف	ħurf
مسطار	mistˤar
شؤبوب	ʃuʔbub
متصل	muttasˤil
زار	zara
خارج	xarid͡ʒ
حبس	ħabbasa
ألبانيا	ʔalbanija
تمرد	tamarrada
منافق	munafiq
أريج	ʔarid͡ʒ
هوادة	hawada
مخنث	muxannaθ
سابق	sabiq
عود	ʕawd
هذا	haða
تقرأ	taqarraʔa
طمى	tˤama
أقط	ʔaqatˤa
فاتحة	fatiħa
فيديو	fidiju
فرقاطة	firɡatˤa
باريس	baris
ليلة	lajla
تايلاند	tajland
كزمازق	kazmazaq
جميع	d͡ʒamiʕ
شامة	ʃama
مغسلة	maɣsila
و	wa
بورصة	bursˤa
العبرية	alʕibrijja
اقتصر	iqtasˤara
حافة	ħafa
عشاء	ʕiʃaʔ
تماما	tamaman
صورة	sˤura
مفرد	mufrad
أدب	ʔadab
انسلخ	insalaxa
أدحوة	ʔudħuwwa
أبيدجان	ʔabidd͡ʒan
فرغ	farraɣa
قاتل	ɡatil
مخلوقات	maxluqat
قرار	qarar
عمامة	ʕimama
فاعل	faʕil
مشاعر	maʃaʕir
عربية	ʕarabijja
أحسن	ʔaħsana
بردعة	bardaʕa
مفتاح	miftaħ
حجة	ħud͡ʒd͡ʒa
غسول	ɣasul
أخمص	ʔaxmusˤ
انقراض	inqiradˤ
فلو	faluww
قضم	qadˤima
أحسن	ʔuħassan
قيطون	ɡetˤon
شعر	ʃaʕara
رحمن	raħman
إسبانية	ʔisbanija
يونس	junus
مقطعية	maqtˤaʕijja
إياهما	ʔijjahuma
زبدة	zubda
سنجاب	sindʒab
حافلات	ħafilat
أكسح	ʔaksaħ
شكوس	ʃakwas
فجل	fad͡ʒd͡ʒala
ضحك	dˤiħk
صاحب	sˤaħib
مرسين	marsin
قرص	qarasˤa
صلوة	sˤalah
حبل	ħabila
عنق	ʕanaq
مدفأة	midfaʔa
رحمن	ruħħimna
ملاك	malak
نظف	naðˤufa
وصيف	wasˤif
عتب	ʕatab
اعتبر	iʕtabara
غلا	ɣala
طارق	tˤariq
أميركي	ʔamerikijj
أغلب	ʔuɣallib
جواد	d͡ʒawad
تسامح	tasamuħ
مسلسل	musalsil
خسأ	xasaʔa
أضاف	ʔadˤafa
قتل	qatala
لهث	lahiθa
فنلندا	finlanda
حلبوب	ħalbub
نسأ	nasaʔa
سلعة	silʕa
مالطا	maltˤa
موقع	muwaqqiʕ
حامول	ħamul
بالتوفيق	bittawfiqi
تركيا	turkijja
حاسوب	ħasub
قال	qala
قرطم	qurtˤum
منغوليا	munɣulija
فلفل	fulful
مخمل	muxmal
ملحمي	malħamijj
وعدة	waʕda
إقامة	ʔiqama
سرير	sɪrir
مشط	maʃʃatˤa
أسوة	ʔuswa
اسم	ism
سدر	sadira
اعتدال	iʕtidal
قضيب	qɑdˤib
أرضة	ʔaradˤa
فصح	fusˤuħ
قرب	qaruba
إباحية	ʔibaħijja
خداج	xidad͡ʒ
زرافة	zurafa
حريش	ħariʃ
قطع	qutˤaʕ
رجع	rad͡ʒaʕa
خليقة	xaliqa
عفوا	ʕafwan
إحصائي	ʔiħsˤaʔijj
سلة	sulla
ظهر	ðˤahara
كهف	kahf
انتقال	intiqal
مرزبة	marzabba
زق	ziqq
شهل	ʃahila
نظامي	naðˤðˤamijj
طحال	tˤiħal
تباطأ	tabatˤaʔa
ميراث	mawariθ
تصوير	tasˤwir
عنصري	ʕunsˤurijj
جمعي	d͡ʒamʕijj
سابيائي	sabijaʔijj
سمبوسك	sambusak
قنطار	qantˤar
جاوشير	d͡ʒawaʃir
معنى	maʕnan
عريش	ʕariʃ
أحبك	ʔuħibbuka
عنزروت	ʕanzarut
مشعل	miʃʕal
أجرب	ʔad͡ʒrab
ابتغى	ibtaɣa
جدول	d͡ʒadwal
محادثة	muħadiθa
برلمان	barlaman
معاصر	muʕasˤir
د	d
قابلة	qæblæ
الأرجنتين	alʔard͡ʒantin
تلا	tala
ضوء	dˤawʔ
مرش	marʃ
سيطر	sajtˤara
شوح	ʃuħ
دفيء	dafiʔ
شكوش	ʃakuʃ
كزبرة	kuzbara
ممتلئ	mumtaliʔ
كوسى	kusa
عصعص	ʕusˤʕusˤ
عطف	ʕatˤafa
تسع	tisʕ
سلوفاكيا	slovakija
يانصيب	janasˤib
بزاز	bazzaz
ملل	mallala
منطقة	məntˤəqə
ملك	milk
زندقة	zandaqa
نيجيريا	nid͡ʒerija
فوض	fawwadˤa
رضائع	radˤaʔiʕ
مخاط	muxatˤ
و	w
كارى	kara
فندق	funduq
شارع	ʃariʕ
عما	ʕamma
نقض	naqqadˤa
قدم	qidam
كنارة	kinnara
علي	ʕulija
كبد	kabid
مقطر	muqatˤtˤir
يخت	jaxt
سمن	samn
طفل	tˤifl
باقلاء	baqilaʔ
مغناطيسي	miɣnatˤisijj
اختار	ixtara
تونس	tunis
نشرة	naʃra
غبن	ɣabana
نهب	nahaba
عاقبة	ʕaqiba
عقرب	ʕaɡrab
هنيهة	hunajha
نعل	naʕl
كردون	kurdun
قمح	qamħ
محمد	muħammad
لهجة	ləhd͡ʒə
أسطرلاب	ʔastˤurlab
تقدمي	taqaddumijj
بوري	buri
سوء	sawʔ
شهواني	ʃahwanijj
لواط	liwatˤ
ق	ɡ
نوه	nawwaha
قارب	ʔareb
خزاف	xazzaf
تمييز	tamjiz
انخفض	inxafadˤa
نضي	nadˤijj
انقطع	inqatˤaʕa
هدار	haddar
فلكي	falakijj
ساق	saq
اتحادي	ittiħadijj
أغلف	ʔaɣlaf
ركبة	rukba
تكلم	takallama
ذهب	ðahaba
شهر	ʃahhara
دال	dal
رجل	rad͡ʒila
هن	han
معمل	maʕmal
وحل	waħl
صفعة	sˤafʕa
دونمة	dunma
الكنية	alkunja
اشتياق	iʃtijaq
كوستاريكا	kostarika
نسخ	nasaxa
خبا	xaba
مغناطيس	maɣnatˤis
إسرنج	ʔisrind͡ʒ
ساعد	saʕada
باصور	basˤur
مسلسل	musalsal
مرش	maraʃa
لا	la
عجلة	ʕid͡ʒala
دماغ	dimaɣ
قبض	qabdˤ
نسبوية	nisbawijja
مغلف	muɣallaf
مثلث	muθallaθ
أهدب	ʔahdaba
جمع	d͡ʒammaʕa
حلتيت	ħiltit
نبراس	nibras
ظ	ðˤaʔ
زيزفون	zajzafun
معلم	maʕlam
تنبول	tambul
مي	majj
كليب	klib
حدق	ħadaqa
طل	tˤalla
أزلي	ʔazalijj
قنبيط	qunnabitˤ
مدة	mudda
عادة	ʕadatan
احترف	iħtarafa
ظفر	ðˤaffara
تنور	tanawwur
الجديدة	ald͡ʒadida
أشعل	ʔaʃʕala
إيا	ʔijja
عكازة	ʕukkaza
أمريكا	ʔamrika
سرو	sarw
إدهاش	ʔidhaʃ
رفيق	rafiq
حمل	ħamala
منتقض	muntaqidˤ
متخصص	mutaxasˤsˤisˤ
أسبوع	ʔusbuʕ
طبقة	tˤabaqa
غلبة	ɣulubba
اتعد	ittaʕada
أباجور	ʔabaʒur
قشدي	qiʃdijj
مساهمة	musahama
سادة	sada
نسخة	nusxa
ثعلب	θaʕlab
نوفمبر	nufimbar
تشنج	taʃannad͡ʒa
حجاب	ħiɡæb
سويسرا	suwisra
تكدس	tukdasu
سمعي	samʕijj
مصيبة	musˤiba
عليون	ʕillijjun
جمل	d͡ʒumal
ا	ʔ
ويسكي	wiski
موزامبيق	mozambiq
عطن	ʕatˤn
بنفسج	banafsad͡ʒ
رقم	raʔam
صك	sˤakk
أديبة	ʔadiba
أثل	ʔuθul
كره	kurh
صحي	sˤiħħijj
فتوى	fatwa
سرط	saratˤa
نفاد	nafad
ملبس	malbas
بيروقراطي	biruqratˤijj
معمار	miʕmar
ثلة	θulla
أيش	ʔajʃin
ك	kaf
مجرب	mud͡ʒarrib
أهيف	ʔahjaf
دولار	dolar
غبار	ɣubar
عيد	ʕajjada
ينع	janaʕa
غلبة	ɣalaba
مشحذ	miʃħað
رجينة	rad͡ʒina
منفضة	minfadˤa
سلطة	sultˤa
لجأ	lad͡ʒaʔa
بقص	baqsˤ
رم	ramma
سمن	summan
حرذون	ħarðun
قيطون	ɡitˤun
نعيم	naʕim
بعل	baʕl
وسط	wasatˤ
وقت	wakt
تخفيف	taxfif
طمث	tˤamθ
المحمدية	almuħammadijja
داخل	daxila
شقة	ʃiɡɡa
متعلم	mutaʕallim
رهبوت	rahabut
وعي	waʕj
أجمع	ʔad͡ʒmaʕ
أونسة	ʔunsa
ردى	radda
فرع	faraʕa
فرقاطة	firqatˤa
بوسة	bosə
يقظة	jaqaðˤa
لعل	laʕalla
إملاء	ʔimlaʔ
خربش	xarbaʃa
أرغان	ʔarɣan
سميع	samiʕ
أجلح	ʔad͡ʒlaħ
إقناع	ʔiqnaʕ
وثيقة	waθiqa
بندق	bunduɡ
رغفان	ruɣfan
شطر	ʃatˤr
جما	d͡ʒamman
مجفل	mud͡ʒaffil
غاز	ɣaz
زغلول	zuɣlul
سهل	sahl
كاراتيه	karate
ملحن	mulaħħin
نواخذة	nawaxiða
الإسكندرية	alʔiskandarijja
أرهب	ʔarhaba
ناسور	nasur
جميزة	d͡ʒummajz
قضيبي	qadˤibijj
حيوة	ħajah
أملج	ʔamlad͡ʒ
سفافيد	safafid
صحراء	sˤaħraʔ
جبس	d͡ʒibs
كزمازج	kazmazad͡ʒ
كم	kamm
عبيثران	ʕubajθaran
قرصنة	qarsˤana
كبد	kabbada
زنبور	zambur
شنع	ʃannaʕa
بذلة	baðla
متلوث	mʊtələwɪθ
قد	qad
آل	ʔalu
جاورس	d͡ʒawars
حينئذ	ħinaʔiðin
تنفيذ	tanfið
حاجز	ħad͡ʒiz
أنتن	ʔantunna
عار	ʕarin
ترنيم	tarnim
ركض	rakadˤa
لبلابي	lablabijj
أوجد	ʔud͡ʒadu
قنطار	qintˤar
شفر	ʃafr
أسهل	ʔashal
جليد	d͡ʒalid
شيء	ʃiʔa
وقف	waqafa
فتة	fatta
تحرش	taħriʃu
قاوق	qawuq
ركف	rakaf
أخاديد	ʔaxadid
ثور	θawr
تألف	taʔallafa
مشترك	muʃtarak
سجين	sad͡ʒin
تعليق	taʕliq
إشبينة	ʔiʃbina
شمس	ʃamas
سماء	samaʔ
وسع	wasuʕa
صنارة	sˤinnara
قاد	qada
سبسب	sabsab
ربيع	rabiʕ
عنق	ʕunuq
فصيل	fasˤil
فدائي	fidaʔijj
حجامة	ħid͡ʒama
كثيب	kaθib
عار	ʕar
بسملة	basmala
مص	masˤsˤ
مربض	marbidˤ
ناصع	nasˤiʕ
تعصب	taʕasˤsˤub
أخذ	ʔaxxaða
فراشة	faraʃa
ن	n
أهدب	ʔahdab
قوش	quʃ
أعزل	ʔaʕzal
حينذاك	ħinaðaka
صنارة	sˤinara
تعالى	taʕala
فسقية	fisqijja
شعبي	ʃaʕbijj
رحمة	raħma
طراح	tˤiraħ
حوذان	ħawðan
شين	ʃin
حيوان	ħajawan
سنبل	sunbul
دساتير	dasatir
اضطهاد	idˤtˤihad
كندا	kanada
كتابخانة	kitabxana
عجول	ʕud͡ʒul
هنغاريا	hinɣarija
بودابست	budabist
إمبراطوري	ʔimbaratˤurijj
ألباني	ʔalbanijj
أوغندا	ʔuɣanda
رأس	raʔasa
سورينام	surinam
غار	ɣara
شعر	ʃaʕar
شمبانيا	ʃambanja
شقة	ʃiqqa
خرافي	xurafijj
حب	ħubb
استمنى	istamna
ضباب	dˤibab
تكفير	takfir
عرنسية	ʕaransijja
طحن	tˤaħana
استمارة	istimara
فجل	fad͡ʒal
غ	ʁajn
سمع	samiʕa
حيواني	ħajawanijj
لاوس	laws
عنب	ʕunab
كزمازك	kazmazak
أثل	ʔaθalat
مقشرة	miqʃara
نحلة	naħla
سياع	sijaʕ
ملجأ	mald͡ʒaʔ
مغبن	maɣban
جردل	d͡ʒardal
سنغافورة	sinɣafura
دغموس	daɣmus
روض	rawwadˤa
سقم	saqam
تطوان	titˤwan
أغلب	ʔuɣallibu
يانسون	janasun
تعسفي	taʕassufijj
حديقة	ħadiqa
صوم	sˤawm
حرذون	ħirðawn
خصص	xasˤsˤasˤa
متحمس	mutħamis
شرشيري	ʃarʃirijj
مقشدة	miqʃada
مسجد	masd͡ʒid
لعبة	laʕba
زنار	zunnar
حقد	ħiqd
تهدل	tahaddala
إثمد	ʔiθmid
عافية	ʕafija
شاف	ʃafa
أخلاقي	ʔaxlaqijj
تامول	tamul
عنيف	ʕanif
مزر	mizr
كوثل	kawθal
أثاث	ʔaθaθ
النمسا	annimsa
تقضى	tuqdˤa
رمش	ramaʃa
داود	dawud
أسود	ʔaswad
خلفي	xalfijj
توراة	təwrɑt
مفرغ	mufriɣ
مقام	maqam
علقم	ʕalqam
س	sin
محافظة	muħafiðˤa
لاث	laθa
رياضي	rijadˤijj
بليحة	baliħa
أمس	ʔumassa
رحمن	raħħamna
مرقشيتا	marqaʃita
وزع	wazzaʕa
أغلب	ʔaɣlab
مات	mata
زفن	zafana
ساهم	sahama
قرأ	qaraʔa
جزمازك	d͡ʒazmazak
هنالك	hunalika
صومعة	sˤawmaʕa
لعبة	luʕba
باء	baʔ
وغل	waɣala
كاراطي	karatˤi
دولي	duwalijj
زهرية	zahrijja
اجتنب	id͡ʒtanaba
درك	darak
أفرط	ʔafratˤa
سيخية	sixijja
قبطان	qubtˤan
جحفل	d͡ʒħfala
ظليم	ðˤalim
زم	zamma
كنيسة	kanisa
سكرجة	sukurrad͡ʒa
أكتوبر	ʔaktubar
مرقشيثا	marqaʃiθa
معروف	maʕruf
سنة	sina
ألقى	ʔalqa
متى	matta
خرسانة	xarasana
محبس	miħbas
اقترح	iqtaraħa
زراعي	ziraʕijj
مركب	murakkab
فعل	faʕl
نضار	nudˤar
كرح	kirħ
سلاطين	salɑtin
بطاطا	batˤatˤa
نبأ	nabaʔ
خالق	xaliq
مجوهرات	mud͡ʒawharat
ميراث	miraθ
سقم	suqm
تجنب	tad͡ʒannaba
كلوتة	kalluta
أنبوب	ʔunbub
بامية	bamija
ماء	maʔ
نفض	naffadˤa
وسمة	wasma
كمثراة	kummaθrah
مكافح	mukafiħ
ريحان	rajħan
حرنكش	ħarankaʃ
قبرة	qubbara
أزرق	ʔazraɡ
الفاتيكان	alvatikan
ينسون	jansun
جلنجبين	d͡ʒulland͡ʒabin
كوة	kawwa
طاف	tˤafa
قتلة	qatlah
يوسف	jusuf
بلغمي	balɣamijj
ناشف	naʃif
خريطة	xaritˤa
مجنون	mæɡnun
جسمان	d͡ʒusman
محراث	miħraθ
إندونيسيا	ʔindunisija
حصرم	ħasˤram
هيف	hajf
قصير	qasˤir
شخشخ	ʃaxʃaxa
فنزويلا	fenzuwela
استحصل	istaħsˤala
حصل	ħasˤal
كنز	kanaza
بعثي	baʕθijj
فز	fazza
قيظ	qajðˤ
تنديل	tandil
عبيثران	ʕabajθaran
حفر	ħafara
لغة	luɣa
غدة	ɣudda
أيوبي	ʔajjubijj
قلعة	qalʕa
مجنون	meɪjnun
فلانة	flɑnɐ
حساسي	ħassasijj
أشوه	ʔaʃwah
سوق	suʔ
نهر	nahar
سهل	sahhala
جواب	d͡ʒawab
أقرب	ʔaqrab
حنبل	ħanbal
غبط	ɣabatˤa
قيطون	ɡitˤun
مقدونيا	maqdunija
خطة	xutˤtˤa
باطس	batˤus
فعل	faʕʕala
ضفدع	dˤifdaʕ
تنبول	tumbul
ضيق	dˤajq
حنظلة	ħanðˤala
بنطال	bantˤal
تنقض	tanaqqudˤ
بعر	baʕr
غطس	ɣatˤasa
مقص	miqasˤsˤ
طاعم	tˤaʕama
سرخس	sarxas
مستنقع	mustanqaʕ
جزدان	d͡ʒuzdan
صبر	sˤabara
إذخر	ʔiðxir
تجذير	tad͡ʒðir
عامل	ʕamala
فيديو	fidju
وصيد	wasˤid
وقت	waqqata
زنبوج	zanbud͡ʒ
قفير	qafir
أسري	ʔusrijj
أسفاراج	ʔasfarad͡ʒ
تنفس	tanfus
صمام	sˤimam
أقدر	ʔaqdara
حامض	ħamidˤ
قرش	qirʃ
صفيراء	sˤufajraʔ
بوصلة	bosˤla
صالح	sˤaliħ
مدة	muddata
فتح	fatħ
خرشوف	xurʃuf
الله	aɫɫah
خلقي	xalliqi
بلان	ballan
جنب	d͡ʒanab
انصرف	insˤarafa
بعض	baʕdˤ
وارث	wariθ
حاضرة	ħadˤira
إدريس	ʔidris
مكنسة	miknasa
مكسرات	mukassarat
دين	dajn
ثمن	taman
مغفل	muɣaffal
بوصلة	busˤle
قابلة	qabla
دويبة	duwajbbah
راجمة	rad͡ʒima
منسأة	mansaʔa
كراميل	karamil
تلفون	talifon
فانوس	fanus
قشف	qaʃʃafa
اللات	allat
جوذاب	d͡ʒuðab
محراب	miħrab
أباريق	ʔabariq
فورا	fawran
عبرة	ʕibra
قفاز	qufaz
معجون	maʕd͡ʒun
بائع	baʔiʕ
محجم	miħd͡ʒam
أستاذ	ʔustaz
عدد	ʕadad
ساد	sada
صلابة	sˤalaba
آمن	ʔamin
كبيرة	kabirah
ات	at
راقص	raqasˤa
رند	rand
لكنة	lukna
علم	ʕalam
نافذة	nafiða
تبريز	tabriz
مهدد	muhaddad
عجج	ʕad͡ʒd͡ʒad͡ʒa
عطس	ʕatˤasa
برن	birn
أرض	ʔardˤ
غفلة	ɣafla
جمع	d͡ʒamʕ
زنديق	zindiq
شندقورة	ʃandɡura
كبريت	kabrit
ناعور	naʕur
مكدس	mukaddas
جنيف	d͡ʒinif
لندني	lundunijj
ماجور	maɡur
أعلى	ʔuʕla
تحرش	taħriʃa
ساجور	sad͡ʒur
شاهترج	ʃahtarad͡ʒ
أشيب	ʔaʃjab
تشاعر	taʃaʕara
توارى	tawara
هاتف	hatif
شحن	ʃaħana
فرث	faraθa
مشط	maʃatˤa
بوروندي	burundi
كبيس	kabis
واق	waqin
مساطر	masatˤir
رقيب	raqib
ائتلاف	iʔtilaf
أزب	ʔazabb
مغرفة	miɣrafa
حطب	ħatˤab
مو	mu
قلب	qalaba
واجهات	wad͡ʒihat
تراجم	tarad͡ʒama
أغبر	ʔaɣbar
سنت	sannat
ناقوس	naqus
بزاق	buzaq
إحسان	ʔiħsan
سمن	samina
أكاف	ʔukkaf
أسمر	ʔasmar
طيفور	tˤajfur
صفصاف	sˤafsˤaf
ظالم	ðˤalim
كرنب	kurunb
سريلانكا	sirilanka
أولو	ʔulu
ساحة	saħa
شم	ʃamm
خنزير	xinzir
رمضان	rumdˤan
إبطاء	ʔibtˤaʔ
لقح	laqaħa
أدهش	ʔadhaʃa
أنقض	ʔanqadˤa
قريدس	qurajdis
روسيا	rusja
غابة	ɣaba
تغوط	taɣawwatˤa
أرغفة	ʔarɣifa
مثنان	maθnan
القدس	alquds
أقرأ	ʔaqraʔa
مريم	marjam
طابور	tˤabur
غرق	ɣariqa
انجرف	ind͡ʒarafa
توعية	tawʕija
خرافة	xurafa
خدش	xadaʃa
أيوب	ʔajjub
خ	xaʔ
غويانا	ɣujana
ناخوذة	naxuða
عيدية	ʕidijja
برز	baraza
أنثوي	ʔunθawijj
همجي	hamad͡ʒijj
مصدق	musˤaddaq
سكي	sakkijj
صدق	sˤadaqa
ساذج	saðid͡ʒ
برئ	bariʔa
مؤسس	muʔassis
تخم	taxm
رج	rad͡ʒd͡ʒa
ووفق	wufiqa
تحرش	tuħarriʃu
سيرج	sirad͡ʒ
سجادة	sad͡ʒd͡ʒada
وارث	wɑrɪθ
لبسة	libsa
شاكر	ʃakir
زمرد	zumurrud
نهضة	nahdˤa
بلوة	bila
ت	t
أثناء	ʔaθnaʔ
مقولة	mɐqulə
مضيف	mudˤif
موت	mawt
راحة	raħa
فأس	faʔs
بارز	bariz
كندس	kundus
ضبط	dˤabatˤa
قصعين	qasˤʕin
قلعي	qalʕijj
تكدس	takaddasa
أعرن	ʔaʕrana
حليب	ħalib
ديسم	dajsam
برتقال	bʊrtəqɑl
فسقية	fasqijja
جاهز	d͡ʒahiz
عبوة	ʕubuwah
لج	lad͡ʒd͡ʒa
آشوري	ʔaʃurijj
قوة	quwwa
سيراء	siraʔ
عضوي	ʕudˤwijj
نيلج	nilad͡ʒ
مدهش	mudhiʃ
لاسلطوية	lasultˤawijja
أسطورة	ʔustˤura
مؤسسة	muʔassasa
جربوز	d͡ʒarbuz
المجر	almad͡ʒar
مجفل	mud͡ʒaffal
أخدر	ʔaxdar
عنوان	ʕunwan
سيخ	six
أترج	ʔutrud͡ʒd͡ʒ
صحوة	sˤaħwa
محسن	muħassan
مالطي	maltˤijj
باز	baz
سلة	salla
زوفا	zufa
اصهاب	isˤhabba
أفغاني	ʔafɣanijj
صاع	sˤaʕ
عرناس	ʕirnas
مقدونيا	maqdonija
سلا	sala
فضة	fidˤa
قرصة	qarsˤa
سميك	samik
ذكر	ðakara
خطيئة	xatˤiʔa
لوز	lawz
سركنجبين	sirkand͡ʒubin
هراوة	hirawa
ليث	lajθ
بلجيكا	bald͡ʒika
بعوض	baʕudˤ
مرجان	mard͡ʒan
بنجر	band͡ʒar
حنظل	ħanðˤal
بسكرة	biskara
رزداق	ruzdaq
غرب	ɣarb
أرز	ʔarz
كراث	karraθ
قملة	qamla
فتة	fattat
متكلم	mutakallim
يلب	jalab
طمي	tˤamj
ابتلى	ibtala
عنقاد	ʕinqad
متين	matin
أدهش	ʔudhiʃa
آنك	ʔanuk
جنيه	d͡ʒunajh
مع	maʕa
معادلة	muʕadala
إطريفل	ʔitˤrifal
فيديو	vidjo
أحسن	ʔaħsan
كهرباء	kahrubaʔ
راء	raʔ
سكار	sukkar
استفسار	istifsar
زنبور	zumbur
ثرب	θarb
شاة	ʃah
زوجة	zod͡ʒa
أعفر	ʔaʕfar
ملكوت	malakut
جد	d͡ʒidd
جبة	d͡ʒubba
شن	ʃanna
رزتاق	ruztaq
مؤنث	muʔannaθ
جز	d͡ʒazza
أستاذ	ʔustad
كبير	kbir
غريب	ɣarib
طنجة	tˤand͡ʒa
تكدس	takdisa
تهديد	tahdid
باسور	basur
إحدى	ʔiħda
أغلب	ʔuɣallab
بغاء	biɣaʔ
داء	daʔ
عرين	ʕarin
صفحة	sˤafħa
معركة	maʕraka
رضعاء	rudˤaʕaʔ
أرجواني	ʔard͡ʒuwanijj
جبناء	d͡ʒubanaʔ
بقرة	baqara
دهنج	dahnad͡ʒ
مرحاض	mirħadˤ
أمازيغي	ʔamaziɣijj
اليسع	aljasaʕ
حدا	ħada
رطوبة	rutˤuba
غزة	ɣazza
اكترى	iktara
غ	ɣ
لدغ	ladaɣa
وقار	waqar
أدهش	ʔudhaʃu
تكميلي	takmilijj
مقدار	miɡdar
سعد	suʕd
صنج	sˤand͡ʒ
دقيقة	daqiqa
أدمن	ʔadmana
سنبك	sumbuk
حج	ħaʒʒ
بيت	bita
مرزبان	marzaban
قداد	qadad
بلجيكا	bild͡ʒika
ذنب	ðanb
كلمة	kalima
ذ	ð
لثم	laθama
خدش	xadʃ
التشيك	attʃik
اسكتلندي	iskutlandijj
دكتور	duktor
أوتوماتيكي	ʔutumatikijj
زفيزف	zufajzaf
أشابة	ʔuʃaba
فور	fawra
مزورة	muzawwara
زميل	zamil
انتفاضة	intifadˤa
قشف	qaʃufa
أبدى	ʔabda
كاذب	kaðib
رحيق	raħiq
حر	ħarr
جهاد	d͡ʒihad
مسى	masa
نحال	naħħal
شفنين	ʃifnin
بلس	bilis
مدرك	mudrak
استأنف	istaʔnafa
سندس	sundus
محاصر	muħasˤar
بكين	pikin
نعاس	nuʕas
سذاب	saðab
فاكهة	fakiha
نفاذ	nafað
تحريض	taħridˤ
قلاية	qallaja
جمعي	d͡ʒammiʕi
عجلة	ʕad͡ʒila
وزراء	wuzaraʔ
حسل	ħisl
إسلام	ʔislam
دم	damm
تشيلي	tʃili
فتاحة	fattaħa
أم	ʔamm
بكى	bukan
بصل	basˤal
زحمة	zaħma
تجوف	tad͡ʒawwuf
نخشوش	naxʃuʃ
غشيم	ɣaʃim
خريف	xarif
محيط	muħitˤ
حربة	ħarba
زحف	zaħf
مأوى	maʔwan
استشراق	istiʃraq
رأسي	raʔsijj
ميناء	minaʔ
قرر	qarrar
شمس	ʃamasa
لاوس	lawos
ضرب	dˤarraba
بركة	burka
بلاستيك	blastik
سرنديب	sarandib
رحمن	ruħimna
صغار	sˤuɣar
تدريج	tadrid͡ʒ
وجهة	wud͡ʒha
إكوادور	ʔikwador
نيجيريا	nid͡ʒirija
أمكن	ʔamkana
عجان	ʕid͡ʒan
أدحية	ʔudħijja
هواء	hawaʔ
بحري	baħrijj
ثفروق	θufruq
محجمة	miħd͡ʒama
غلب	ɣalb
قيثار	qiθar
مقداد	miqdæd
راء	raʔin
كروية	karawja
ران	rana
بحار	baħħar
هذر	haðara
رأى	raʔa
فتحة	fatħa
نور	nur
عرف	ʕarf
جرارة	d͡ʒarrara
بربرية	barbarijja
اعتدى	iʕtada
وروار	warwar
ليزر	lezar
ليس	lajisa
فطيس	fitˤtˤis
ضحك	dˤaħik
جوهري	d͡ʒawharijj
ديسمبر	disambar
إيمان	ʔiman
زعتر	zaʕtar
سيف	sif
بلاهة	balaha
استطار	istatˤara
تغريدة	taɣrida
آنسة	ʔanisah
صدق	sˤidq
تحرش	taħarruʃ
معير	muʕajjir
هم	him
رأل	raʔl
إسقنقور	ʔisqanqur
فراطة	furatˤa
إطفائي	ʔitˤfaʔijj
اطرد	utˤrud
قطران	qitˤran
حبل	ħabal
عشية	ʕaʃijja
مكاء	mukkaʔ
قلم	qələm
قنبلة	qunbula
داعش	daʕiʃ
رجل	rad͡ʒl
تقضى	taqadˤdˤa
لزاق	lizaq
دارجة	darid͡ʒa
شكوهج	ʃakuhad͡ʒ
بطرخ	batˤrax
لؤلؤ	luʔluʔ
قصار	qisˤar
كمأة	kamʔa
مهارة	mahara
أجهد	ʔad͡ʒhada
ليس	lajsa
ولاعة	wallaʕa
غبن	ɣubn
قاعدة	qaʕida
شعب	ʃaʕb
علم	ʕalima
حرص	ħirsˤ
قشر	qaʃara
مغلق	miɣlaq
طرق	tˤarraqa
تاكسي	taksi
دمقس	dimaqs
أكرى	ʔakra
نزلة	nazla
رتينج	ratinad͡ʒ
تنفس	tanaffasa
قلم	qalm
أيل	ʔujjal
تزحلق	tazaħlaqa
أسوأ	ʔaswaʔ
أجزاء	ʔad͡ʒzaʔ
تاب	taba
رداء	ridaʔ
تحرش	tuħraʃu
ركن	rukn
صغر	sˤaɣura
صفن	sˤafan
مبكرا	mubakkiran
مسود	muswadd
انتهى	intaha
بنين	binin
وعليكم	wæʕælæjkum
قبلا	qablan
قيتارة	qitara
ملح	mulħa
سكن	sakkana
كلخ	kalx
رد	radd
شرعية	ʃarʕijja
ذوق	ðawq
سجنجل	sad͡ʒand͡ʒal
سفيه	safih
ن	nun
فيج	fajd͡ʒ
أمغر	ʔamɣar
وهمي	wahmijj
دفاع	difaʕ
بنان	banan
قطع	qatˤaʕ
بركار	birkar
بغداد	baɣdad
نحن	naħni
قفص	ɡafasˤ
دليل	dalil
نافلة	nafila
بزرقطونا	bazraqatˤuna
جامع	d͡ʒamiʕ
عشب	ʕuʃb
أنت	ʔanta
رهينة	rahina
طاق	tˤaq
مخرج	muxrad͡ʒ
راجل	rad͡ʒil
غبيراء	ɣubajraʔ
لحاق	laħaq
أونصة	ʔunsˤa
بديهي	badihijj
خ	x
ضرط	dˤaratˤa
زورق	zawraq
تنفس	tunfasu
آمن	ʔamuna
انتمى	intama
سبب	sabab
غرور	ɣurur
صدر	sˤadara
قد	qudd
متناول	mutanawil
موقع	mawqiʕ
تل	tall
سياج	sijad͡ʒ
طابق	tˤabaq
طموحات	tˤumuħat
عام	ʕamm
مخبول	maxbul
مهرجان	mahrad͡ʒan
بلغاريا	balɣarja
اشتهى	iʃtaha
دابر	dabir
إبيقوري	ʔibiqurijj
مستوصف	mustawsˤaf
ظمئ	ðˤamiʔa
مرصد	marsˤad
مغامر	muɣamir
موسمي	mawsimijj
خلنجان	xaland͡ʒan
ذاكرة	ðakira
الحبشة	alħabaʃa
جسماني	d͡ʒismanijj
فتح	fataħa
دقنيش	daqniʃ
حائط	ħaʔitˤ
قفقف	qafqafa
صغار	sˤiɣar
صقر	sˤaqr
كسوة	kuswa
عمودي	ʕamudijj
سقنقور	saqanqur
مؤامرة	muʔamara
غاسول	ɣasul
مدهش	mudhaʃ
ملاحظ	mulaħaðˤ
قشر	qiʃr
قدم	qadm
كذاب	kaððab
ثلج	θald͡ʒ
لسع	lasaʕa
سخبر	saxbar
برقوق	barquq
بادية	badija
استغرق	istaɣraqa
طرشي	tˤurʃijj
أنفق	ʔanfaqa
بوط	butˤ
شوبك	ʃawbak
صابح	sˤabiħ
مذي	maði
بالون	balun
معاينة	muʕajana
كثيف	kaθif
اعتزام	iʕtizam
أغلب	ʔaɣlaba
خلاعي	xalaʕijj
راع	raʕin
تكشف	takaʃʃafa
ذنب	ðanaba
رحمن	raħħimna
ضاد	dˤadda
بواب	bawwab
منارة	manara
كدس	kaddasa
كشوت	kuʃuθ
قنبر	ɡəmbri
أجمع	ʔad͡ʒmaʕa
زقوم	zaqqum
حلقوس	ħalqus
ناطف	natˤif
أعقد	ʔaʕqad
وتدي	watadijj
طاولة	tˤawila
شرطة	ʃurtˤa
عربة	ʕaraba
أخدر	ʔaxdara
طاء	tˤaʔ
رتيلاء	rutajlaʔ
منذ	munðu
مشعل	maʃʕal
خثي	xiθj
هبة	hibba
بحر	baħara
راسخت	rasuxt
ق	qaf
روسيا	rusija
علة	ʕilla
لمى	lama
هذيان	haðajan
معى	miʕan
كوخ	kux
شيخوخة	ʃajxuxa
رفقة	rifqa
أسترالي	ʔusturalijj
طيارة	tˤijjara
أحاط	ʔaħatˤa
سبتمبر	sabtambar
وفاء	wæfæʔ
ركبة	rakaba
شياف	ʃijaf
غبي	ɣabija
إنجليزي	ʔind͡ʒlizijj
خطف	xatˤifa
كره	karuha
دكان	dukkan
مسن	musinn
سلاف	sulaf
رئيس	raʔis
تساءل	tasaʔala
شوكي	ʃawkijj
تراجيديا	trad͡ʒidja
يؤيؤ	juʔjuʔ
حنة	ħinna
مشتريات	muʃtarajat
أساسي	ʔasasijj
سكة	sikka
وقت	waqt
ملاحظ	mulaħiðˤ
بولندا	polanda
حجة	ħid͡ʒd͡ʒa
لاح	laħa
استقدم	istaqdama
محافظ	maħafiðˤ
يحيى	jaħja
سنت	sunnat
راعدة	raʕida
استقل	istaqalla
شفاف	ʃaffaf
ض	ðˤ
موريتانيا	muritanija
واحة	waħa
صوت	sˤawt
عجب	ʕad͡ʒab
وقف	waqqafa
اغتصب	iɣtasˤaba
نسبي	nisbijj
أكثرية	ʔakθarijja
فعل	faʕala
غني	ɣanijj
كدس	kadasa
عباءة	ʕabaʔa
حالة	ħala
أسرة	ʔusra
أعذب	ʔaʕðaba
عاصف	ʕasˤif
شابانج	ʃabanad͡ʒ
يد	jad
هوندوراس	honduras
تعادل	taʕadala
ورى	wara
مزمن	muzmin
قرش	qarʃ
فرشاة	furʃah
زوج	zawd͡ʒ
عسجد	ʕasd͡ʒad
دستوري	dusturijj
شطر	ʃatˤara
أولى	ʔula
أنفحة	ʔanfiħa
منغوليا	monɣolija
جزدان	d͡ʒizdan
مكالمة	mukalama
نهض	nahdˤ
بعيثران	buʕajθaran
صحيفة	sˤaħifa
باطني	batˤinijj
مالك	malik
هميان	himjan
فأر	faʔr
وزغ	wazaɣ
أخ	ʔax
أشعل	ʔaʃʕal
لم	lam
جلنار	d͡ʒullanar
استنتاج	istintad͡ʒ
محيل	muħil
فوذنج	fuðanad͡ʒ
لوطي	lutˤi
إدارة	ʔidara
حنجري	ħand͡ʒarijj
حرمل	ħarmal
طقس	tˤaʔs
طقس	tˤaqs
تدرب	tadarrub
غير	ɣajjara
إنترنت	ʔintarnat
تعزل	taʕazzala
شمشاد	ʃamʃad
قنجة	qand͡ʒa
شب	ʃabba
حقق	ħuqaq
قبج	qabad͡ʒ
أصغى	ʔasˤɣa
سئم	saʔima
آخر	ʔaxar
مشواة	miʃwah
أرجواني	ʔurd͡ʒuwanijj
درس	darrasa
علي	ʕalija
أراد	ʔarada
توزيع	tawziʕ
دين	dajjana
نسكي	nusukijj
استجهل	istad͡ʒhala
كهنوت	kahanut
سكران	sakran
ط	tˤ
تغريد	taɣrid
جذع	d͡ʒaðaʕ
بثور	buθur
زنجبيل	zand͡ʒabil
بطروخ	batˤrux
أخلاقية	ʔaxlaqijja
اصهب	isˤhabba
أعتن	ʔaʕtana
ترجمة	tard͡ʒama
رمل	raml
تدرج	tadarrud͡ʒ
القسطنطينية	alqustˤantˤinijja
ؤ	ʔu
